"geo","domain","count_pat","rca_pat","share_pat","rank_pat","count_pub","rca_pub","share_pub","rank_pub","count_inv","rca_inv","share_inv","rank_inv","rank_all","population"
"Abeokuta (NG)","Automotive",0,0,0,1124,2,0.26,0,764,0,0,0,154,427,533000
"Abeokuta (NG)","Energy",0,0,0,1124,12,0.86,0.02,764,0,0,0,154,427,533000
"Abeokuta (NG)","Finance",0,0,0,1124,9,1.23,0.02,764,0,0,0,154,427,533000
"Abeokuta (NG)","Healthcare",0,0,0,1124,30,0.64,0.01,764,0,0,0,154,427,533000
"Abeokuta (NG)","Semiconductor",0,0,0,1124,1,0.08,0,764,0,0,0,154,427,533000
"Abidjan (CI)","Automotive",0,0,0,622,0,0,0,934,0,0,0,260,400,5203000
"Abidjan (CI)","Energy",0,0,0,622,16,0.89,0.02,934,0,0,0,260,400,5203000
"Abidjan (CI)","Finance",0,0,0,622,1,0.11,0,934,0.15,3.61,0,260,400,5203000
"Abidjan (CI)","Healthcare",0,0,0,622,16,0.26,0.01,934,0.17,4.19,0,260,400,5203000
"Abidjan (CI)","Semiconductor",0,0,0,622,0,0,0,934,0,0,0,260,400,5203000
"Abu Zaby (AE)","Automotive",5,1.96,0.08,90,137,3.2,0.32,55,0,0,0,75,48,1483000
"Abu Zaby (AE)","Energy",22,18.15,0.77,90,179,2.29,0.23,55,50,7.21,0.52,75,48,1483000
"Abu Zaby (AE)","Finance",12,3.43,0.15,90,146,3.56,0.35,55,553.95,17.42,1.24,75,48,1483000
"Abu Zaby (AE)","Healthcare",11,2.82,0.12,90,843,3.2,0.32,55,0.55,0.02,0,75,48,1483000
"Abu Zaby (AE)","Semiconductor",44,1.26,0.05,90,185,2.76,0.27,55,0,0,0,75,48,1483000
"Accra (GH)","Automotive",0,0,0,1034,8,0.27,0.02,366,0,0,0,276,384,2514000
"Accra (GH)","Energy",0,0,0,1034,49,0.9,0.06,366,0,0,0,276,384,2514000
"Accra (GH)","Finance",0,0,0,1034,39,1.37,0.09,366,0,0,0,276,384,2514000
"Accra (GH)","Healthcare",0,0,0,1034,183,1,0.07,366,3,19.55,0.01,276,384,2514000
"Accra (GH)","Semiconductor",0,0,0,1034,5,0.11,0.01,366,0,0,0,276,384,2514000
"Ad-Dammam (SA)","Automotive",0,0,0,582,8,0.52,0.02,373,0,0,0,215,302,1253000
"Ad-Dammam (SA)","Energy",2,21.78,0.07,582,32,1.13,0.04,373,18.5,34.57,0.19,215,302,1253000
"Ad-Dammam (SA)","Finance",0,0,0,582,27,1.83,0.07,373,0,0,0,215,302,1253000
"Ad-Dammam (SA)","Healthcare",0,0,0,582,187,1.97,0.07,373,0,0,0,215,302,1253000
"Ad-Dammam (SA)","Semiconductor",1,0.38,0,582,12,0.5,0.02,373,0,0,0,215,302,1253000
"Ad-Dawhah (QA)","Automotive",0,0,0,593,44,1.04,0.1,122,0,0,0,150,229,641000
"Ad-Dawhah (QA)","Energy",1,4.98,0.04,593,187,2.41,0.24,122,0,0,0,150,229,641000
"Ad-Dawhah (QA)","Finance",0,0,0,593,65,1.6,0.16,122,0.1,0.89,0,150,229,641000
"Ad-Dawhah (QA)","Healthcare",0,0,0,593,512,1.95,0.19,122,1.37,12.52,0,150,229,641000
"Ad-Dawhah (QA)","Semiconductor",2,0.35,0,593,48,0.72,0.07,122,0,0,0,150,229,641000
"Adana (TR)","Automotive",0,0,0,833,3,0.18,0.01,533,0,0,0,440,397,1771000
"Adana (TR)","Energy",0,0,0,833,54,1.77,0.07,533,0,0,0,440,397,1771000
"Adana (TR)","Finance",0,0,0,833,19,1.19,0.05,533,0,0,0,440,397,1771000
"Adana (TR)","Healthcare",0,0,0,833,78,0.76,0.03,533,0,0,0,440,397,1771000
"Adana (TR)","Semiconductor",0,0,0,833,1,0.04,0,533,0,0,0,440,397,1771000
"Adelaide (AU)","Automotive",1,0.88,0.02,224,76,1.2,0.18,151,0,0,0,210,148,1336000
"Adelaide (AU)","Energy",2,3.7,0.07,224,126,1.09,0.16,151,0,0,0,210,148,1336000
"Adelaide (AU)","Finance",1,0.64,0.01,224,34,0.56,0.08,151,0,0,0,210,148,1336000
"Adelaide (AU)","Healthcare",8,4.61,0.09,224,337,0.86,0.13,151,37.21,12.45,0.09,210,148,1336000
"Adelaide (AU)","Semiconductor",8,0.51,0.01,224,46,0.47,0.07,151,0,0,0,210,148,1336000
"Ahmadabad (IN)","Automotive",2,0.28,0.03,115,43,0.87,0.1,111,0,0,0,123,84,8059000
"Ahmadabad (IN)","Energy",1,0.3,0.04,115,136,1.5,0.17,111,5.5,11.24,0.06,123,84,8059000
"Ahmadabad (IN)","Finance",25,2.58,0.3,115,117,2.46,0.28,111,4,1.78,0.01,123,84,8059000
"Ahmadabad (IN)","Healthcare",10,0.93,0.11,115,485,1.58,0.18,111,14.29,6.51,0.03,123,84,8059000
"Ahmadabad (IN)","Semiconductor",148,1.54,0.18,115,59,0.76,0.09,111,0,0,0,123,84,8059000
"Ahmadnagar (IN)","Automotive",0,0,0,717,2,0.67,0,1060,0,0,0,258,425,404000
"Ahmadnagar (IN)","Energy",0,0,0,717,4,0.73,0.01,1060,0,0,0,258,425,404000
"Ahmadnagar (IN)","Finance",0,0,0,717,0,0,0,1060,0,0,0,258,425,404000
"Ahmadnagar (IN)","Healthcare",0,0,0,717,9,0.49,0,1060,0,0,0,258,425,404000
"Ahmadnagar (IN)","Semiconductor",1,0.28,0,717,1,0.21,0,1060,0,0,0,258,425,404000
"Ajmer (IN)","Automotive",0,0,0,698,5,0.68,0.01,572,0,0,0,427,388,614000
"Ajmer (IN)","Energy",0,0,0,698,7,0.52,0.01,572,0,0,0,427,388,614000
"Ajmer (IN)","Finance",0,0,0,698,16,2.27,0.04,572,0,0,0,427,388,614000
"Ajmer (IN)","Healthcare",0,0,0,698,68,1.5,0.03,572,0,0,0,427,388,614000
"Ajmer (IN)","Semiconductor",2,1.79,0,698,12,1.04,0.02,572,0,0,0,427,388,614000
"Akron (US)","Automotive",1,0.34,0.02,345,8,0.49,0.02,482,0,0,0,285,288,565000
"Akron (US)","Energy",0,0,0,345,10,0.34,0.01,482,0,0,0,285,288,565000
"Akron (US)","Finance",0,0,0,345,12,0.77,0.03,482,0,0,0,285,288,565000
"Akron (US)","Healthcare",2,0.44,0.02,345,87,0.87,0.03,482,38,20.2,0.09,285,288,565000
"Akron (US)","Semiconductor",8,0.2,0.01,345,42,1.66,0.06,482,0,0,0,285,288,565000
"Al Kuwayt (KW)","Automotive",0,0,0,785,15,0.59,0.03,201,0,0,0,434,345,3115000
"Al Kuwayt (KW)","Energy",0,0,0,785,111,2.38,0.14,201,0,0,0,434,345,3115000
"Al Kuwayt (KW)","Finance",0,0,0,785,64,2.62,0.15,201,0,0,0,434,345,3115000
"Al Kuwayt (KW)","Healthcare",0,0,0,785,277,1.76,0.1,201,0,0,0,434,345,3115000
"Al Kuwayt (KW)","Semiconductor",0,0,0,785,24,0.6,0.04,201,0,0,0,434,345,3115000
"Al-Iskandariyah (EG)","Automotive",0,0,0,469,17,0.51,0.04,261,0,0,0,449,305,5281000
"Al-Iskandariyah (EG)","Energy",0,0,0,469,73,1.2,0.09,261,0,0,0,449,305,5281000
"Al-Iskandariyah (EG)","Finance",0,0,0,469,36,1.13,0.09,261,0,0,0,449,305,5281000
"Al-Iskandariyah (EG)","Healthcare",3,9.38,0.03,469,221,1.08,0.08,261,0,0,0,449,305,5281000
"Al-Iskandariyah (EG)","Semiconductor",3,1.05,0,469,14,0.27,0.02,261,0,0,0,449,305,5281000
"Al-Qahirah (EG)","Automotive",4,3.81,0.07,291,105,0.6,0.24,36,0.18,0.07,0,121,111,20901000
"Al-Qahirah (EG)","Energy",0,0,0,291,660,2.07,0.83,36,0,0,0,121,111,20901000
"Al-Qahirah (EG)","Finance",0,0,0,291,246,1.48,0.59,36,0.65,0.35,0,121,111,20901000
"Al-Qahirah (EG)","Healthcare",4,2.49,0.04,291,1330,1.24,0.5,36,8.02,4.4,0.02,121,111,20901000
"Al-Qahirah (EG)","Semiconductor",13,0.9,0.02,291,116,0.43,0.17,36,10,5.01,0.02,121,111,20901000
"Albany (US)","Automotive",2,0.26,0.03,104,29,0.87,0.07,212,0,0,0,265,146,630000
"Albany (US)","Energy",8,2.22,0.28,104,53,0.87,0.07,212,0,0,0,265,146,630000
"Albany (US)","Finance",10,0.96,0.12,104,30,0.94,0.07,212,0,0,0,265,146,630000
"Albany (US)","Healthcare",12,1.03,0.13,104,228,1.11,0.09,212,128.5,9.91,0.3,265,146,630000
"Albany (US)","Semiconductor",66,0.64,0.08,104,64,1.23,0.09,212,0,0,0,265,146,630000
"Albuquerque (US)","Automotive",0,0,0,367,19,0.48,0.04,181,0,0,0,253,209,915000
"Albuquerque (US)","Energy",0,0,0,367,187,2.59,0.24,181,0,0,0,253,209,915000
"Albuquerque (US)","Finance",1,0.36,0.01,367,21,0.56,0.05,181,16.72,8.94,0.04,253,209,915000
"Albuquerque (US)","Healthcare",1,0.32,0.01,367,172,0.71,0.06,181,1.71,0.93,0,253,209,915000
"Albuquerque (US)","Semiconductor",11,0.4,0.01,367,241,3.91,0.36,181,0,0,0,253,209,915000
"Alicante (ES)","Automotive",0,0,0,369,12,0.52,0.03,518,0,0,0,461,331,370000
"Alicante (ES)","Energy",0,0,0,369,23,0.55,0.03,518,0,0,0,461,331,370000
"Alicante (ES)","Finance",2,1.3,0.02,369,9,0.41,0.02,518,0,0,0,461,331,370000
"Alicante (ES)","Healthcare",0,0,0,369,66,0.47,0.02,518,0,0,0,461,331,370000
"Alicante (ES)","Semiconductor",4,0.26,0,369,6,0.17,0.01,518,0,0,0,461,331,370000
"Almaty (KZ)","Automotive",2,5.66,0.03,359,15,0.4,0.03,308,0,0,0,341,264,1896000
"Almaty (KZ)","Energy",0,0,0,359,97,1.42,0.12,308,0,0,0,341,264,1896000
"Almaty (KZ)","Finance",2,4.12,0.02,359,35,0.98,0.08,308,1.15,11.36,0,341,264,1896000
"Almaty (KZ)","Healthcare",0,0,0,359,137,0.59,0.05,308,0.3,3.03,0,341,264,1896000
"Almaty (KZ)","Semiconductor",2,0.41,0,359,9,0.15,0.01,308,0,0,0,341,264,1896000
"Alwar (IN)","Automotive",0,0,0,775,1,1.24,0,1185,0,0,0,450,439,429000
"Alwar (IN)","Energy",0,0,0,775,1,0.68,0,1185,0,0,0,450,439,429000
"Alwar (IN)","Finance",0,0,0,775,2,2.6,0,1185,0,0,0,450,439,429000
"Alwar (IN)","Healthcare",0,0,0,775,4,0.81,0,1185,0,0,0,450,439,429000
"Alwar (IN)","Semiconductor",1,1.4,0,775,0,0,0,1185,0,0,0,450,439,429000
"Amman (JO)","Automotive",1,1.85,0.02,288,47,1.04,0.11,95,0,0,0,340,186,2148000
"Amman (JO)","Energy",0,0,0,288,240,2.89,0.3,95,0,0,0,340,186,2148000
"Amman (JO)","Finance",0,0,0,288,356,8.2,0.86,95,0.06,1.12,0,340,186,2148000
"Amman (JO)","Healthcare",1,1.21,0.01,288,1755,6.28,0.66,95,0,0,0,340,186,2148000
"Amman (JO)","Semiconductor",11,1.49,0.01,288,26,0.37,0.04,95,0,0,0,340,186,2148000
"Amsterdam (NL)","Automotive",11,1.36,0.18,94,54,0.52,0.12,155,0,0,0,45,71,1149000
"Amsterdam (NL)","Energy",4,1.04,0.14,94,38,0.2,0.05,155,36.64,2.95,0.38,45,71,1149000
"Amsterdam (NL)","Finance",5,0.45,0.06,94,46,0.47,0.11,155,348.15,6.1,0.78,45,71,1149000
"Amsterdam (NL)","Healthcare",12,0.97,0.13,94,609,0.96,0.23,155,23.67,0.42,0.05,45,71,1149000
"Amsterdam (NL)","Semiconductor",63,0.57,0.08,94,116,0.72,0.17,155,1.61,0.03,0,45,71,1149000
"Anantapur (IN)","Automotive",1,16.1,0.02,713,6,1.62,0.01,481,0,0,0,399,369,449000
"Anantapur (IN)","Energy",0,0,0,713,29,4.29,0.04,481,0,0,0,399,369,449000
"Anantapur (IN)","Finance",0,0,0,713,21,5.93,0.05,481,0,0,0,399,369,449000
"Anantapur (IN)","Healthcare",0,0,0,713,63,2.76,0.02,481,0,0,0,399,369,449000
"Anantapur (IN)","Semiconductor",2,2.35,0,713,9,1.56,0.01,481,0,0,0,399,369,449000
"Ankara (TR)","Automotive",3,0.47,0.05,135,74,0.52,0.17,76,4.81,0.83,0.01,87,72,5118000
"Ankara (TR)","Energy",1,0.33,0.04,135,217,0.83,0.27,76,12.67,14.6,0.13,87,72,5118000
"Ankara (TR)","Finance",8,0.9,0.1,135,145,1.06,0.35,76,10.21,2.57,0.02,87,72,5118000
"Ankara (TR)","Healthcare",6,0.61,0.07,135,676,0.77,0.25,76,3.92,1.01,0.01,87,72,5118000
"Ankara (TR)","Semiconductor",55,0.62,0.07,135,80,0.36,0.12,76,0,0,0,87,72,5118000
"Ann Arbor (US)","Automotive",12,1.15,0.2,82,96,0.95,0.22,99,4.9,0.17,0.01,40,49,328000
"Ann Arbor (US)","Energy",5,1,0.18,82,103,0.56,0.13,99,144.53,33.08,1.49,40,49,328000
"Ann Arbor (US)","Finance",5,0.35,0.06,82,43,0.44,0.1,99,20,1,0.04,40,49,328000
"Ann Arbor (US)","Healthcare",21,1.31,0.23,82,602,0.96,0.23,99,13.46,0.69,0.03,40,49,328000
"Ann Arbor (US)","Semiconductor",72,0.5,0.09,82,190,1.2,0.28,99,44,2.05,0.09,40,49,328000
"Anshan (CN)","Automotive",0,0,0,504,10,1.22,0.02,568,0,0,0,376,348,1629000
"Anshan (CN)","Energy",0,0,0,504,17,1.13,0.02,568,0,0,0,376,348,1629000
"Anshan (CN)","Finance",1,1.95,0.01,504,5,0.64,0.01,568,0,0,0,376,348,1629000
"Anshan (CN)","Healthcare",0,0,0,504,56,1.1,0.02,568,110,20.2,0.25,376,348,1629000
"Anshan (CN)","Semiconductor",3,0.59,0,504,9,0.7,0.01,568,0,0,0,376,348,1629000
"Antalya (TR)","Automotive",1,1.95,0.02,452,3,0.21,0.01,616,0,0,0,336,341,1254000
"Antalya (TR)","Energy",0,0,0,452,25,0.95,0.03,616,0,0,0,336,341,1254000
"Antalya (TR)","Finance",1,1.42,0.01,452,4,0.29,0.01,616,0,0,0,336,341,1254000
"Antalya (TR)","Healthcare",0,0,0,452,58,0.66,0.02,616,0.68,19.35,0,336,341,1254000
"Antalya (TR)","Semiconductor",3,0.43,0,452,11,0.49,0.02,616,0,0,0,336,341,1254000
"Antofagasta (CL)","Automotive",0,0,0,947,2,0.34,0,807,0,0,0,363,433,439000
"Antofagasta (CL)","Energy",0,0,0,947,21,1.95,0.03,807,0,0,0,363,433,439000
"Antofagasta (CL)","Finance",0,0,0,947,4,0.71,0.01,807,0.01,0.1,0,363,433,439000
"Antofagasta (CL)","Healthcare",0,0,0,947,11,0.3,0,807,0.01,0.1,0,363,433,439000
"Antofagasta (CL)","Semiconductor",0,0,0,947,1,0.11,0,807,0,0,0,363,433,439000
"Antwerpen (BE)","Automotive",3,0.87,0.05,282,10,0.36,0.02,457,1.44,0.09,0,229,253,1042000
"Antwerpen (BE)","Energy",0,0,0,282,11,0.21,0.01,457,0,0,0,229,253,1042000
"Antwerpen (BE)","Finance",0,0,0,282,20,0.75,0.05,457,1.06,0.09,0,229,253,1042000
"Antwerpen (BE)","Healthcare",1,0.19,0.01,282,102,0.59,0.04,457,0,0,0,229,253,1042000
"Antwerpen (BE)","Semiconductor",6,0.13,0.01,282,20,0.46,0.03,457,0,0,0,229,253,1042000
"Ar-Riyadh (SA)","Automotive",0,0,0,289,186,1.08,0.43,33,0,0,0,183,122,7231000
"Ar-Riyadh (SA)","Energy",0,0,0,289,537,1.7,0.68,33,0,0,0,183,122,7231000
"Ar-Riyadh (SA)","Finance",1,0.69,0.01,289,333,2.02,0.8,33,1330.6,7.57,2.99,183,122,7231000
"Ar-Riyadh (SA)","Healthcare",1,0.62,0.01,289,2209,2.08,0.83,33,0.05,0,0,183,122,7231000
"Ar-Riyadh (SA)","Semiconductor",5,0.35,0.01,289,116,0.43,0.17,33,0,0,0,183,122,7231000
"Aracaju (BR)","Automotive",0,0,0,1129,0,0,0,883,0,0,0,419,442,1009000
"Aracaju (BR)","Energy",0,0,0,1129,11,0.46,0.01,883,0,0,0,419,442,1009000
"Aracaju (BR)","Finance",0,0,0,1129,6,0.48,0.01,883,0,0,0,419,442,1009000
"Aracaju (BR)","Healthcare",0,0,0,1129,12,0.15,0,883,0,0,0,419,442,1009000
"Aracaju (BR)","Semiconductor",0,0,0,1129,1,0.05,0,883,0,0,0,419,442,1009000
"Arequipa (PE)","Automotive",1,19.12,0.02,970,1,0.25,0,991,0,0,0,453,440,923000
"Arequipa (PE)","Energy",0,0,0,970,7,0.95,0.01,991,0,0,0,453,440,923000
"Arequipa (PE)","Finance",0,0,0,970,3,0.78,0.01,991,0,0,0,453,440,923000
"Arequipa (PE)","Healthcare",0,0,0,970,8,0.32,0,991,0,0,0,453,440,923000
"Arequipa (PE)","Semiconductor",0,0,0,970,0,0,0,991,0,0,0,453,440,923000
"Arrah (IN)","Automotive",0,0,0,1110,1,0.93,0,996,0,0,0,322,441,329000
"Arrah (IN)","Energy",0,0,0,1110,4,2.04,0.01,996,0,0,0,322,441,329000
"Arrah (IN)","Finance",0,0,0,1110,1,0.97,0,996,0,0,0,322,441,329000
"Arrah (IN)","Healthcare",0,0,0,1110,6,0.91,0,996,0,0,0,322,441,329000
"Arrah (IN)","Semiconductor",0,0,0,1110,1,0.6,0,996,0,0,0,322,441,329000
"Ash-Shariqah (AE)","Automotive",0,0,0,325,47,1.64,0.11,97,0,0,0,151,144,1685000
"Ash-Shariqah (AE)","Energy",0,0,0,325,161,3.07,0.2,97,0,0,0,151,144,1685000
"Ash-Shariqah (AE)","Finance",1,4.83,0.01,325,121,4.41,0.29,97,0.25,0.1,0,151,144,1685000
"Ash-Shariqah (AE)","Healthcare",2,8.7,0.02,325,715,4.05,0.27,97,0,0,0,151,144,1685000
"Ash-Shariqah (AE)","Semiconductor",1,0.49,0,325,64,1.43,0.09,97,0,0,0,151,144,1685000
"Asheville (US)","Automotive",0,0,0,406,0,0,0,1089,0,0,0,317,399,354000
"Asheville (US)","Energy",0,0,0,406,13,1.58,0.02,1089,0,0,0,317,399,354000
"Asheville (US)","Finance",0,0,0,406,0,0,0,1089,1.29,19.76,0,317,399,354000
"Asheville (US)","Healthcare",2,1.14,0.02,406,10,0.36,0,1089,0,0,0,317,399,354000
"Asheville (US)","Semiconductor",7,0.45,0.01,406,0,0,0,1089,0,0,0,317,399,354000
"Astana (KZ)","Automotive",0,0,0,485,16,0.76,0.04,370,0,0,0,291,295,1166000
"Astana (KZ)","Energy",0,0,0,485,66,1.72,0.08,370,0,0,0,291,295,1166000
"Astana (KZ)","Finance",0,0,0,485,14,0.7,0.03,370,0.67,9.13,0,291,295,1166000
"Astana (KZ)","Healthcare",0,0,0,485,81,0.63,0.03,370,0,0,0,291,295,1166000
"Astana (KZ)","Semiconductor",3,0.85,0,485,17,0.52,0.03,370,0,0,0,291,295,1166000
"Ath<ed>nai (GR)","Automotive",5,2.61,0.08,180,59,0.71,0.14,84,0,0,0,255,127,3153000
"Ath<ed>nai (GR)","Energy",1,1.09,0.04,180,216,1.41,0.27,84,0,0,0,255,127,3153000
"Ath<ed>nai (GR)","Finance",3,1.14,0.04,180,85,1.06,0.21,84,3.34,2.89,0.01,255,127,3153000
"Ath<ed>nai (GR)","Healthcare",5,1.7,0.05,180,469,0.91,0.18,84,0,0,0,255,127,3153000
"Ath<ed>nai (GR)","Semiconductor",13,0.49,0.02,180,121,0.93,0.18,84,0,0,0,255,127,3153000
"Atlanta (US)","Automotive",10,0.5,0.17,41,176,1.23,0.41,51,0.8,0.01,0,34,24,5803000
"Atlanta (US)","Energy",8,0.84,0.28,41,141,0.54,0.18,51,3.52,0.21,0.04,34,24,5803000
"Atlanta (US)","Finance",56,2.04,0.68,41,114,0.83,0.28,51,102.81,1.32,0.23,34,24,5803000
"Atlanta (US)","Healthcare",28,0.92,0.31,41,1191,1.35,0.45,51,135.69,1.79,0.31,34,24,5803000
"Atlanta (US)","Semiconductor",209,0.76,0.25,41,274,1.22,0.4,51,187.8,2.26,0.39,34,24,5803000
"Auckland (NZ)","Automotive",2,0.47,0.03,129,26,0.58,0.06,230,0,0,0,89,111,1607000
"Auckland (NZ)","Energy",1,0.49,0.04,129,44,0.54,0.06,230,0,0,0,89,111,1607000
"Auckland (NZ)","Finance",11,1.88,0.13,129,34,0.79,0.08,230,125.32,13.22,0.28,89,111,1607000
"Auckland (NZ)","Healthcare",16,2.46,0.17,129,245,0.89,0.09,230,8.92,0.96,0.02,89,111,1607000
"Auckland (NZ)","Semiconductor",28,0.48,0.03,129,42,0.6,0.06,230,0,0,0,89,111,1607000
"Austin (US)","Automotive",32,1.42,0.53,23,107,1.71,0.25,104,2973.1,2.37,4.6,11,27,2053000
"Austin (US)","Energy",18,1.68,0.63,23,141,1.23,0.18,104,47.88,0.25,0.49,11,27,2053000
"Austin (US)","Finance",50,1.61,0.61,23,45,0.75,0.11,104,519.9,0.6,1.17,11,27,2053000
"Austin (US)","Healthcare",42,1.22,0.46,23,352,0.91,0.13,104,371.22,0.44,0.85,11,27,2053000
"Austin (US)","Semiconductor",676,2.19,0.82,23,158,1.61,0.23,104,283.79,0.31,0.6,11,27,2053000
"Bacoor (PH)","Automotive",0,0,0,932,1,0.83,0,1090,0,0,0,447,443,686000
"Bacoor (PH)","Energy",0,0,0,932,0,0,0,1090,0,0,0,447,443,686000
"Bacoor (PH)","Finance",0,0,0,932,1,0.86,0,1090,0,0,0,447,443,686000
"Bacoor (PH)","Healthcare",0,0,0,932,9,1.21,0,1090,0,0,0,447,443,686000
"Bacoor (PH)","Semiconductor",1,2.48,0,932,0,0,0,1090,0,0,0,447,443,686000
"Baghdad (IQ)","Automotive",0,0,0,967,82,1.13,0.19,65,0,0,0,140,303,7144000
"Baghdad (IQ)","Energy",0,0,0,967,508,3.83,0.64,65,0,0,0,140,303,7144000
"Baghdad (IQ)","Finance",0,0,0,967,192,2.77,0.46,65,15,17.86,0.03,140,303,7144000
"Baghdad (IQ)","Healthcare",0,0,0,967,922,2.06,0.35,65,0,0,0,140,303,7144000
"Baghdad (IQ)","Semiconductor",0,0,0,967,74,0.65,0.11,65,0,0,0,140,303,7144000
"Baguio City (PH)","Automotive",0,0,0,557,2,1.07,0,1074,0,0,0,386,422,373000
"Baguio City (PH)","Energy",0,0,0,557,0,0,0,1074,0,0,0,386,422,373000
"Baguio City (PH)","Finance",0,0,0,557,2,1.12,0,1074,0,0,0,386,422,373000
"Baguio City (PH)","Healthcare",0,0,0,557,11,0.95,0,1074,0,0,0,386,422,373000
"Baguio City (PH)","Semiconductor",0,0,0,557,0,0,0,1074,0,0,0,386,422,373000
"Baku (AZ)","Automotive",0,0,0,894,6,0.2,0.01,408,0,0,0,431,391,2341000
"Baku (AZ)","Energy",0,0,0,894,81,1.47,0.1,408,0,0,0,431,391,2341000
"Baku (AZ)","Finance",0,0,0,894,23,0.8,0.06,408,0,0,0,431,391,2341000
"Baku (AZ)","Healthcare",0,0,0,894,88,0.47,0.03,408,0,0,0,431,391,2341000
"Baku (AZ)","Semiconductor",0,0,0,894,7,0.15,0.01,408,0,0,0,431,391,2341000
"Baltimore (US)","Automotive",7,0.56,0.12,55,91,0.58,0.21,94,0,0,0,58,44,2325000
"Baltimore (US)","Energy",8,1.34,0.28,55,74,0.26,0.09,94,0,0,0,58,44,2325000
"Baltimore (US)","Finance",15,0.87,0.18,55,72,0.48,0.17,94,182.77,5.21,0.41,58,44,2325000
"Baltimore (US)","Healthcare",73,3.82,0.8,55,965,1,0.36,94,259.87,7.57,0.6,58,44,2325000
"Baltimore (US)","Semiconductor",102,0.6,0.12,55,122,0.5,0.18,94,1,0.03,0,58,44,2325000
"Bangalore (IN)","Automotive",41,1.13,0.68,18,253,1.89,0.59,26,23.43,0.14,0.04,20,13,12327000
"Bangalore (IN)","Energy",21,1.22,0.74,18,340,1.39,0.43,26,20.76,0.82,0.21,20,13,12327000
"Bangalore (IN)","Finance",102,2.05,1.24,18,407,3.18,0.98,26,248.97,2.15,0.56,20,13,12327000
"Bangalore (IN)","Healthcare",46,0.83,0.5,18,1949,2.37,0.73,26,161.67,1.43,0.37,20,13,12327000
"Bangalore (IN)","Semiconductor",709,1.43,0.86,18,275,1.32,0.41,26,372.11,3.01,0.78,20,13,12327000
"Bangkok (TH)","Automotive",3,1.33,0.05,201,58,0.49,0.13,85,0,0,0,278,141,14804000
"Bangkok (TH)","Energy",0,0,0,201,167,0.77,0.21,85,0,0,0,278,141,14804000
"Bangkok (TH)","Finance",4,1.29,0.05,201,159,1.39,0.38,85,1,2.73,0,278,141,14804000
"Bangkok (TH)","Healthcare",3,0.87,0.03,201,711,0.97,0.27,85,2,5.59,0,278,141,14804000
"Bangkok (TH)","Semiconductor",15,0.49,0.02,201,66,0.35,0.1,85,0,0,0,278,141,14804000
"Barcelona (ES)","Automotive",6,0.6,0.1,142,72,0.4,0.17,81,0,0,0,59,67,5586000
"Barcelona (ES)","Energy",0,0,0,142,145,0.44,0.18,81,10.32,3.42,0.11,59,67,5586000
"Barcelona (ES)","Finance",7,0.51,0.08,142,47,0.27,0.11,81,56.48,4.09,0.13,59,67,5586000
"Barcelona (ES)","Healthcare",15,0.98,0.16,142,724,0.65,0.27,81,101.3,7.49,0.23,59,67,5586000
"Barcelona (ES)","Semiconductor",115,0.84,0.14,142,249,0.88,0.37,81,0,0,0,59,67,5586000
"Bareilly (IN)","Automotive",0,0,0,771,1,0.2,0,830,0,0,0,390,417,1255000
"Bareilly (IN)","Energy",0,0,0,771,14,1.51,0.02,830,0,0,0,390,417,1255000
"Bareilly (IN)","Finance",1,5.7,0.01,771,12,2.47,0.03,830,0,0,0,390,417,1255000
"Bareilly (IN)","Healthcare",0,0,0,771,33,1.06,0.01,830,0,0,0,390,417,1255000
"Bareilly (IN)","Semiconductor",2,1.15,0,771,0,0,0,830,0,0,0,390,417,1255000
"Bari (IT)","Automotive",0,0,0,499,13,0.35,0.03,342,4.25,2.59,0.01,145,259,622000
"Bari (IT)","Energy",0,0,0,499,34,0.49,0.04,342,0,0,0,145,259,622000
"Bari (IT)","Finance",0,0,0,499,12,0.33,0.03,342,0.24,0.21,0,145,259,622000
"Bari (IT)","Healthcare",0,0,0,499,189,0.81,0.07,342,6.31,5.72,0.01,145,259,622000
"Bari (IT)","Semiconductor",0,0,0,499,43,0.73,0.06,342,0,0,0,145,259,622000
"Barletta (IT)","Automotive",0,0,0,413,0,0,0,1387,0,0,0,455,434,341000
"Barletta (IT)","Energy",0,0,0,413,0,0,0,1387,0,0,0,455,434,341000
"Barletta (IT)","Finance",0,0,0,413,0,0,0,1387,0,0,0,455,434,341000
"Barletta (IT)","Healthcare",0,0,0,413,1,0.63,0,1387,0,0,0,455,434,341000
"Barletta (IT)","Semiconductor",0,0,0,413,0,0,0,1387,0,0,0,455,434,341000
"Barranquilla (CO)","Automotive",1,3.48,0.02,437,1,0.11,0,712,0,0,0,380,355,2273000
"Barranquilla (CO)","Energy",0,0,0,437,23,1.38,0.03,712,0,0,0,380,355,2273000
"Barranquilla (CO)","Finance",2,5.05,0.02,437,6,0.69,0.01,712,0,0,0,380,355,2273000
"Barranquilla (CO)","Healthcare",4,9.09,0.04,437,37,0.66,0.01,712,0,0,0,380,355,2273000
"Barranquilla (CO)","Semiconductor",4,1.02,0,437,4,0.28,0.01,712,0,0,0,380,355,2273000
"Basel (CH)","Automotive",1,0.07,0.02,172,10,0.2,0.02,319,0,0,0,145,161,559000
"Basel (CH)","Energy",0,0,0,172,27,0.29,0.03,319,0,0,0,145,161,559000
"Basel (CH)","Finance",3,0.15,0.04,172,18,0.38,0.04,319,3.46,2.28,0.01,145,161,559000
"Basel (CH)","Healthcare",25,1.1,0.27,172,296,0.96,0.11,319,18.98,12.77,0.04,145,161,559000
"Basel (CH)","Semiconductor",35,0.17,0.04,172,65,0.83,0.1,319,0,0,0,145,161,559000
"Bayrut (LB)","Automotive",0,0,0,254,41,1.17,0.09,139,0,0,0,410,210,2424000
"Bayrut (LB)","Energy",1,6.3,0.04,254,100,1.56,0.13,139,0,0,0,410,210,2424000
"Bayrut (LB)","Finance",2,4.36,0.02,254,84,2.5,0.2,139,0.3,19.76,0,410,210,2424000
"Bayrut (LB)","Healthcare",3,5.88,0.03,254,447,2.07,0.17,139,0,0,0,410,210,2424000
"Bayrut (LB)","Semiconductor",3,0.66,0,254,42,0.77,0.06,139,0,0,0,410,210,2424000
"Beijing (CN)","Automotive",221,0.77,3.69,5,3670,2.22,8.49,1,2857.55,1.68,4.42,10,2,20463000
"Beijing (CN)","Energy",54,0.4,1.89,5,5727,1.89,7.23,1,72.03,0.28,0.74,10,2,20463000
"Beijing (CN)","Finance",312,0.79,3.79,5,1512,0.95,3.65,1,108.51,0.09,0.24,10,2,20463000
"Beijing (CN)","Healthcare",146,0.33,1.59,5,9480,0.93,3.55,1,946.77,0.83,2.17,10,2,20463000
"Beijing (CN)","Semiconductor",6813,1.73,8.3,5,4289,1.66,6.34,1,964.1,0.77,2.02,10,2,20463000
"Bel<e9>m (BR)","Automotive",0,0,0,637,6,0.19,0.01,525,0,0,0,436,370,2334000
"Bel<e9>m (BR)","Energy",0,0,0,637,35,0.59,0.04,525,0,0,0,436,370,2334000
"Bel<e9>m (BR)","Finance",0,0,0,637,13,0.42,0.03,525,0,0,0,436,370,2334000
"Bel<e9>m (BR)","Healthcare",2,9.09,0.02,637,44,0.22,0.02,525,0,0,0,436,370,2334000
"Bel<e9>m (BR)","Semiconductor",1,0.51,0,637,5,0.1,0.01,525,0,0,0,436,370,2334000
"Belfast (GB)","Automotive",0,0,0,420,17,0.62,0.04,338,0,0,0,227,258,631000
"Belfast (GB)","Energy",0,0,0,420,28,0.56,0.04,338,0,0,0,227,258,631000
"Belfast (GB)","Finance",1,0.82,0.01,420,15,0.57,0.04,338,0.42,1.78,0,227,258,631000
"Belfast (GB)","Healthcare",0,0,0,420,152,0.9,0.06,338,3.49,15.16,0.01,227,258,631000
"Belfast (GB)","Semiconductor",10,0.82,0.01,420,57,1.33,0.08,338,0,0,0,227,258,631000
"Belo Horizonte (BR)","Automotive",2,2.85,0.03,339,17,0.27,0.04,234,0,0,0,196,199,6084000
"Belo Horizonte (BR)","Energy",0,0,0,339,65,0.57,0.08,234,0,0,0,196,199,6084000
"Belo Horizonte (BR)","Finance",1,1.03,0.01,339,49,0.82,0.12,234,106.71,6.39,0.24,196,199,6084000
"Belo Horizonte (BR)","Healthcare",1,0.93,0.01,339,163,0.42,0.06,234,1.02,0.06,0,196,199,6084000
"Belo Horizonte (BR)","Semiconductor",3,0.31,0,339,35,0.36,0.05,234,0,0,0,196,199,6084000
"Beograd (RS)","Automotive",1,1.58,0.02,326,31,0.68,0.07,196,0,0,0,290,214,1398000
"Beograd (RS)","Energy",0,0,0,326,87,1.04,0.11,196,5.5,74.27,0.06,290,214,1398000
"Beograd (RS)","Finance",1,1.15,0.01,326,48,1.09,0.12,196,0.21,0.62,0,290,214,1398000
"Beograd (RS)","Healthcare",3,3.09,0.03,326,193,0.68,0.07,196,0,0,0,290,214,1398000
"Beograd (RS)","Semiconductor",7,0.81,0.01,326,33,0.46,0.05,196,0,0,0,290,214,1398000
"Bergamo (IT)","Automotive",0,0,0,280,5,0.52,0.01,682,0,0,0,387,332,892000
"Bergamo (IT)","Energy",0,0,0,280,5,0.28,0.01,682,0,0,0,387,332,892000
"Bergamo (IT)","Finance",2,0.8,0.02,280,6,0.65,0.01,682,1.61,19.76,0,387,332,892000
"Bergamo (IT)","Healthcare",0,0,0,280,57,0.95,0.02,682,0,0,0,387,332,892000
"Bergamo (IT)","Semiconductor",17,0.68,0.02,280,5,0.33,0.01,682,0,0,0,387,332,892000
"Berlin (DE)","Automotive",30,1.7,0.5,47,103,0.58,0.24,58,33.99,0.15,0.05,22,25,3562000
"Berlin (DE)","Energy",6,0.71,0.21,47,203,0.62,0.26,58,68.51,2.06,0.71,22,25,3562000
"Berlin (DE)","Finance",15,0.62,0.18,47,83,0.49,0.2,58,263.93,1.73,0.59,22,25,3562000
"Berlin (DE)","Healthcare",29,1.07,0.32,47,862,0.79,0.32,58,196.85,1.32,0.45,22,25,3562000
"Berlin (DE)","Semiconductor",152,0.63,0.19,47,354,1.27,0.52,58,1.35,0.01,0,22,25,3562000
"Bern (CH)","Automotive",2,0.48,0.03,224,17,0.29,0.04,282,0,0,0,339,223,430000
"Bern (CH)","Energy",1,0.5,0.04,224,57,0.54,0.07,282,0,0,0,339,223,430000
"Bern (CH)","Finance",0,0,0,224,21,0.38,0.05,282,0,0,0,339,223,430000
"Bern (CH)","Healthcare",6,0.94,0.07,224,269,0.76,0.1,282,30.35,17.54,0.07,339,223,430000
"Bern (CH)","Semiconductor",26,0.46,0.03,224,20,0.22,0.03,282,0,0,0,339,223,430000
"Bhiwandi (IN)","Automotive",0,0,0,327,0,0,0,1357,0,0,0,277,413,859000
"Bhiwandi (IN)","Energy",0,0,0,327,0,0,0,1357,0,0,0,277,413,859000
"Bhiwandi (IN)","Finance",4,4.49,0.05,327,0,0,0,1357,0,0,0,277,413,859000
"Bhiwandi (IN)","Healthcare",0,0,0,327,0,0,0,1357,2.4,5.76,0.01,277,413,859000
"Bhiwandi (IN)","Semiconductor",15,1.69,0.02,327,0,0,0,1357,0,0,0,277,413,859000
"Bhopal (IN)","Automotive",0,0,0,380,37,1.28,0.09,150,4,13.01,0.01,346,230,2390000
"Bhopal (IN)","Energy",0,0,0,380,89,1.68,0.11,150,0,0,0,346,230,2390000
"Bhopal (IN)","Finance",1,2.18,0.01,380,68,2.46,0.16,150,0,0,0,346,230,2390000
"Bhopal (IN)","Healthcare",0,0,0,380,413,2.32,0.15,150,0,0,0,346,230,2390000
"Bhopal (IN)","Semiconductor",9,1.97,0.01,380,43,0.95,0.06,150,0,0,0,346,230,2390000
"Bhubaneswar (IN)","Automotive",0,0,0,502,55,1.26,0.13,93,0,0,0,291,233,1163000
"Bhubaneswar (IN)","Energy",0,0,0,502,190,2.38,0.24,93,0,0,0,291,233,1163000
"Bhubaneswar (IN)","Finance",1,2.44,0.01,502,114,2.73,0.28,93,0.05,3.19,0,291,233,1163000
"Bhubaneswar (IN)","Healthcare",0,0,0,502,622,2.32,0.23,93,0,0,0,291,233,1163000
"Bhubaneswar (IN)","Semiconductor",4,0.98,0,502,65,0.95,0.1,93,0,0,0,291,233,1163000
"Bielefeld (DE)","Automotive",13,2.05,0.22,134,26,1.26,0.06,332,0,0,0,298,198,334000
"Bielefeld (DE)","Energy",3,0.99,0.11,134,20,0.53,0.03,332,0,0,0,298,198,334000
"Bielefeld (DE)","Finance",5,0.57,0.06,134,16,0.81,0.04,332,6.64,2.42,0.01,298,198,334000
"Bielefeld (DE)","Healthcare",2,0.21,0.02,134,141,1.1,0.05,332,0,0,0,298,198,334000
"Bielefeld (DE)","Semiconductor",40,0.46,0.05,134,79,2.44,0.12,332,0,0,0,298,198,334000
"Bikaner (IN)","Automotive",0,0,0,439,0,0,0,1149,0,0,0,391,415,772000
"Bikaner (IN)","Energy",0,0,0,439,3,0.46,0,1149,0,0,0,391,415,772000
"Bikaner (IN)","Finance",3,7.94,0.04,439,2,0.59,0,1149,2.4,19.76,0.01,391,415,772000
"Bikaner (IN)","Healthcare",0,0,0,439,8,0.37,0,1149,0,0,0,391,415,772000
"Bikaner (IN)","Semiconductor",9,2.39,0.01,439,0,0,0,1149,0,0,0,391,415,772000
"Bilbao (ES)","Automotive",1,0.81,0.02,395,20,0.52,0.05,208,0,0,0,102,180,350000
"Bilbao (ES)","Energy",0,0,0,395,57,0.82,0.07,208,17.56,30.01,0.18,102,180,350000
"Bilbao (ES)","Finance",0,0,0,395,30,0.82,0.07,208,1.16,0.43,0,102,180,350000
"Bilbao (ES)","Healthcare",2,1.06,0.02,395,193,0.82,0.07,208,2.47,0.94,0.01,102,180,350000
"Bilbao (ES)","Semiconductor",7,0.41,0.01,395,125,2.09,0.18,208,0,0,0,102,180,350000
"Birmingham (US)","Automotive",0,0,0,247,8,0.23,0.02,537,0,0,0,135,239,842000
"Birmingham (US)","Energy",0,0,0,247,7,0.11,0.01,537,0,0,0,135,239,842000
"Birmingham (US)","Finance",5,2.06,0.06,247,10,0.29,0.02,537,4.1,1.39,0.01,135,239,842000
"Birmingham (US)","Healthcare",8,2.96,0.09,247,158,0.72,0.06,537,21.66,7.49,0.05,135,239,842000
"Birmingham (US)","Semiconductor",7,0.29,0.01,247,9,0.16,0.01,537,0,0,0,135,239,842000
"Birmingham (GB)","Automotive",2,0.74,0.03,246,55,0.81,0.13,141,0,0,0,83,117,2607000
"Birmingham (GB)","Energy",0,0,0,246,66,0.53,0.08,141,3.67,10.47,0.04,83,117,2607000
"Birmingham (GB)","Finance",2,0.54,0.02,246,65,1,0.16,141,20.56,12.79,0.05,83,117,2607000
"Birmingham (GB)","Healthcare",2,0.49,0.02,246,402,0.96,0.15,141,0.85,0.54,0,83,117,2607000
"Birmingham (GB)","Semiconductor",7,0.19,0.01,246,90,0.85,0.13,141,0,0,0,83,117,2607000
"Blumenau (BR)","Automotive",0,0,0,641,1,0.15,0,898,0,0,0,458,419,348000
"Blumenau (BR)","Energy",1,17.37,0.04,641,7,0.59,0.01,898,0,0,0,458,419,348000
"Blumenau (BR)","Finance",0,0,0,641,4,0.64,0.01,898,0,0,0,458,419,348000
"Blumenau (BR)","Healthcare",0,0,0,641,10,0.25,0,898,0,0,0,458,419,348000
"Blumenau (BR)","Semiconductor",1,0.6,0,641,1,0.1,0,898,0,0,0,458,419,348000
"Bochum (DE)","Automotive",3,0.75,0.05,223,8,0.29,0.02,377,0,0,0,155,194,376000
"Bochum (DE)","Energy",1,0.53,0.04,223,31,0.61,0.04,377,2.3,18.25,0.02,155,194,376000
"Bochum (DE)","Finance",1,0.18,0.01,223,12,0.45,0.03,377,0,0,0,155,194,376000
"Bochum (DE)","Healthcare",1,0.16,0.01,223,92,0.54,0.03,377,0,0,0,155,194,376000
"Bochum (DE)","Semiconductor",15,0.28,0.02,223,145,3.36,0.21,377,9.12,14.74,0.02,155,194,376000
"Bogot<e1> (CO)","Automotive",1,0.93,0.02,257,18,0.23,0.04,254,0,0,0,139,165,10978000
"Bogot<e1> (CO)","Energy",1,1.95,0.04,257,84,0.59,0.11,254,0.02,0.03,0,139,165,10978000
"Bogot<e1> (CO)","Finance",1,0.68,0.01,257,32,0.43,0.08,254,7.76,2.46,0.02,139,165,10978000
"Bogot<e1> (CO)","Healthcare",3,1.82,0.03,257,211,0.44,0.08,254,0,0,0,139,165,10978000
"Bogot<e1> (CO)","Semiconductor",5,0.34,0.01,257,18,0.15,0.03,254,0,0,0,139,165,10978000
"Boise City (US)","Automotive",1,0.18,0.02,144,5,0.69,0.01,685,0,0,0,176,262,447000
"Boise City (US)","Energy",1,0.38,0.04,144,11,0.83,0.01,685,0,0,0,176,262,447000
"Boise City (US)","Finance",8,1.06,0.1,144,4,0.58,0.01,685,0.6,0.49,0,176,262,447000
"Boise City (US)","Healthcare",3,0.36,0.03,144,34,0.76,0.01,685,0,0,0,176,262,447000
"Boise City (US)","Semiconductor",269,3.59,0.33,144,11,0.97,0.02,685,0.75,0.57,0,176,262,447000
"Bologna (IT)","Automotive",0,0,0,344,40,0.56,0.09,180,0,0,0,254,203,806000
"Bologna (IT)","Energy",0,0,0,344,50,0.38,0.06,180,1.27,20.05,0.01,254,203,806000
"Bologna (IT)","Finance",0,0,0,344,35,0.51,0.08,180,0.32,1.1,0,254,203,806000
"Bologna (IT)","Healthcare",2,0.21,0.02,344,280,0.63,0.1,180,0,0,0,254,203,806000
"Bologna (IT)","Semiconductor",15,0.18,0.02,344,87,0.77,0.13,180,0,0,0,254,203,806000
"Bonita Springs-Naples (US)","Automotive",0,0,0,251,1,0.21,0,918,0.4,0.63,0,195,333,434000
"Bonita Springs-Naples (US)","Energy",1,1.43,0.04,251,2,0.23,0,918,0,0,0,195,333,434000
"Bonita Springs-Naples (US)","Finance",2,0.99,0.02,251,5,1.08,0.01,918,0.4,0.92,0,195,333,434000
"Bonita Springs-Naples (US)","Healthcare",1,0.45,0.01,251,26,0.87,0.01,918,0,0,0,195,333,434000
"Bonita Springs-Naples (US)","Semiconductor",7,0.35,0.01,251,0,0,0,918,0,0,0,195,333,434000
"Bonn (DE)","Automotive",0,0,0,212,25,0.45,0.06,245,0,0,0,368,216,320000
"Bonn (DE)","Energy",1,0.54,0.04,212,38,0.37,0.05,245,0,0,0,368,216,320000
"Bonn (DE)","Finance",3,0.56,0.04,212,24,0.45,0.06,245,0,0,0,368,216,320000
"Bonn (DE)","Healthcare",5,0.84,0.05,212,291,0.85,0.11,245,0,0,0,368,216,320000
"Bonn (DE)","Semiconductor",12,0.22,0.01,212,53,0.61,0.08,245,0,0,0,368,216,320000
"Bordeaux (FR)","Automotive",2,0.6,0.03,199,20,0.41,0.05,281,0,0,0,214,174,969000
"Bordeaux (FR)","Energy",1,0.63,0.04,199,32,0.36,0.04,281,0.03,0.27,0,214,174,969000
"Bordeaux (FR)","Finance",1,0.22,0.01,199,23,0.5,0.06,281,0.03,0.06,0,214,174,969000
"Bordeaux (FR)","Healthcare",7,1.38,0.08,199,195,0.65,0.07,281,6,12.01,0.01,214,174,969000
"Bordeaux (FR)","Semiconductor",16,0.35,0.02,199,49,0.65,0.07,281,0,0,0,214,174,969000
"Boston (US)","Automotive",85,0.82,1.42,13,256,0.59,0.59,19,100.09,0.11,0.15,14,9,4309000
"Boston (US)","Energy",29,0.59,1.02,13,352,0.44,0.44,19,51,0.37,0.53,14,9,4309000
"Boston (US)","Finance",67,0.47,0.81,13,248,0.6,0.6,19,1757.72,2.74,3.95,14,9,4309000
"Boston (US)","Healthcare",298,1.88,3.25,13,3151,1.18,1.18,19,4429.47,7.07,10.17,14,9,4309000
"Boston (US)","Semiconductor",657,0.46,0.8,13,1003,1.48,1.48,19,26.25,0.04,0.06,14,9,4309000
"Bournemouth/Poole (GB)","Automotive",0,0,0,507,15,1.7,0.03,529,0,0,0,305,328,506000
"Bournemouth/Poole (GB)","Energy",0,0,0,507,12,0.75,0.02,529,0,0,0,305,328,506000
"Bournemouth/Poole (GB)","Finance",0,0,0,507,18,2.14,0.04,529,0,0,0,305,328,506000
"Bournemouth/Poole (GB)","Healthcare",0,0,0,507,44,0.81,0.02,529,0,0,0,305,328,506000
"Bournemouth/Poole (GB)","Semiconductor",6,0.57,0.01,507,6,0.44,0.01,529,0,0,0,305,328,506000
"Bras<ed>lia (BR)","Automotive",0,0,0,460,8,0.13,0.02,309,0.16,6.8,0,349,289,4646000
"Bras<ed>lia (BR)","Energy",0,0,0,460,85,0.74,0.11,309,0,0,0,349,289,4646000
"Bras<ed>lia (BR)","Finance",2,5.49,0.02,460,48,0.8,0.12,309,0.16,9.88,0,349,289,4646000
"Bras<ed>lia (BR)","Healthcare",1,2.47,0.01,460,119,0.31,0.04,309,0,0,0,349,289,4646000
"Bras<ed>lia (BR)","Semiconductor",2,0.55,0,460,19,0.19,0.03,309,0,0,0,349,289,4646000
"Bratislava (SK)","Automotive",0,0,0,377,18,0.47,0.04,237,0.54,0.23,0,131,191,435000
"Bratislava (SK)","Energy",0,0,0,377,68,0.96,0.09,237,17.94,50.85,0.18,131,191,435000
"Bratislava (SK)","Finance",0,0,0,377,42,1.14,0.1,237,9.17,5.67,0.02,131,191,435000
"Bratislava (SK)","Healthcare",3,2.9,0.03,377,151,0.63,0.06,237,0,0,0,131,191,435000
"Bratislava (SK)","Semiconductor",4,0.43,0,377,38,0.63,0.06,237,0,0,0,131,191,435000
"Bremen (DE)","Automotive",1,0.46,0.02,301,11,0.56,0.03,407,0,0,0,460,300,565000
"Bremen (DE)","Energy",0,0,0,301,31,0.87,0.04,407,0,0,0,460,300,565000
"Bremen (DE)","Finance",0,0,0,301,7,0.37,0.02,407,0,0,0,460,300,565000
"Bremen (DE)","Healthcare",0,0,0,301,128,1.06,0.05,407,0,0,0,460,300,565000
"Bremen (DE)","Semiconductor",7,0.23,0.01,301,61,2,0.09,407,0,0,0,460,300,565000
"Brescia (IT)","Automotive",0,0,0,422,6,0.33,0.01,639,0,0,0,322,336,484000
"Brescia (IT)","Energy",1,2.35,0.04,422,8,0.24,0.01,639,0,0,0,322,336,484000
"Brescia (IT)","Finance",1,0.81,0.01,422,5,0.29,0.01,639,0,0,0,322,336,484000
"Brescia (IT)","Healthcare",0,0,0,422,54,0.48,0.02,639,0.11,20.2,0,322,336,484000
"Brescia (IT)","Semiconductor",3,0.24,0,422,11,0.39,0.02,639,0,0,0,322,336,484000
"Bridgeport-Stamford (US)","Automotive",4,0.43,0.07,93,51,1.23,0.12,165,0,0,0,208,116,953000
"Bridgeport-Stamford (US)","Energy",5,1.12,0.18,93,56,0.74,0.07,165,0,0,0,208,116,953000
"Bridgeport-Stamford (US)","Finance",12,0.93,0.15,93,28,0.7,0.07,165,13.89,0.08,0.03,208,116,953000
"Bridgeport-Stamford (US)","Healthcare",19,1.33,0.21,93,355,1.38,0.13,165,26.59,0.16,0.06,208,116,953000
"Bridgeport-Stamford (US)","Semiconductor",57,0.44,0.07,93,128,1.97,0.19,165,0,0,0,208,116,953000
"Brighton-Worthing-Littlehampton (GB)","Automotive",1,0.34,0.02,161,12,0.55,0.03,486,0,0,0,185,219,607000
"Brighton-Worthing-Littlehampton (GB)","Energy",4,2.86,0.14,161,20,0.5,0.03,486,0,0,0,185,219,607000
"Brighton-Worthing-Littlehampton (GB)","Finance",3,0.74,0.04,161,4,0.19,0.01,486,0,0,0,185,219,607000
"Brighton-Worthing-Littlehampton (GB)","Healthcare",5,1.11,0.05,161,81,0.6,0.03,486,0,0,0,185,219,607000
"Brighton-Worthing-Littlehampton (GB)","Semiconductor",34,0.84,0.04,161,33,0.97,0.05,486,0,0,0,185,219,607000
"Brisbane (AU)","Automotive",2,1.07,0.03,171,126,1.08,0.29,83,4.2,0.56,0.01,116,89,2406000
"Brisbane (AU)","Energy",2,2.25,0.07,171,122,0.57,0.15,83,0,0,0,116,89,2406000
"Brisbane (AU)","Finance",6,2.34,0.07,171,64,0.57,0.15,83,10.87,2.12,0.02,116,89,2406000
"Brisbane (AU)","Healthcare",5,1.75,0.05,171,668,0.93,0.25,83,0.56,0.11,0,116,89,2406000
"Brisbane (AU)","Semiconductor",13,0.51,0.02,171,118,0.65,0.17,83,0,0,0,116,89,2406000
"Bristol (GB)","Automotive",14,2.17,0.23,99,55,0.82,0.13,147,19.98,0.46,0.03,65,75,686000
"Bristol (GB)","Energy",3,0.98,0.11,99,64,0.52,0.08,147,23.66,3.67,0.24,65,75,686000
"Bristol (GB)","Finance",8,0.9,0.1,99,44,0.69,0.11,147,0,0,0,65,75,686000
"Bristol (GB)","Healthcare",4,0.41,0.04,99,311,0.75,0.12,147,10.43,0.36,0.02,65,75,686000
"Bristol (GB)","Semiconductor",111,1.26,0.14,99,151,1.44,0.22,147,457.15,14.44,0.96,65,75,686000
"Brno (CZ)","Automotive",0,0,0,353,11,0.27,0.03,348,0,0,0,263,250,378000
"Brno (CZ)","Energy",0,0,0,353,31,0.42,0.04,348,0,0,0,263,250,378000
"Brno (CZ)","Finance",0,0,0,353,17,0.44,0.04,348,20,16.84,0.04,263,250,378000
"Brno (CZ)","Healthcare",0,0,0,353,133,0.53,0.05,348,0.44,0.38,0,263,250,378000
"Brno (CZ)","Semiconductor",9,0.77,0.01,353,46,0.73,0.07,348,0,0,0,263,250,378000
"Bruxelles-Brussel (BE)","Automotive",8,0.86,0.13,121,82,0.47,0.19,64,0,0,0,113,72,2081000
"Bruxelles-Brussel (BE)","Energy",2,0.45,0.07,121,204,0.64,0.26,64,2.21,0.92,0.02,113,72,2081000
"Bruxelles-Brussel (BE)","Finance",3,0.23,0.04,121,91,0.55,0.22,64,17.83,1.62,0.04,113,72,2081000
"Bruxelles-Brussel (BE)","Healthcare",7,0.49,0.08,121,606,0.57,0.23,64,21.06,1.96,0.05,113,72,2081000
"Bruxelles-Brussel (BE)","Semiconductor",57,0.45,0.07,121,283,1.04,0.42,64,0,0,0,113,72,2081000
"Bucuresti (RO)","Automotive",2,2.15,0.03,192,30,0.48,0.07,148,0.31,0.08,0,86,106,1803000
"Bucuresti (RO)","Energy",1,2.25,0.04,192,131,1.16,0.17,148,6.23,11.17,0.06,86,106,1803000
"Bucuresti (RO)","Finance",4,3.12,0.05,192,58,0.98,0.14,148,8,3.13,0.02,86,106,1803000
"Bucuresti (RO)","Healthcare",4,2.81,0.04,192,343,0.9,0.13,148,1.7,0.68,0,86,106,1803000
"Bucuresti (RO)","Semiconductor",19,1.49,0.02,192,58,0.6,0.09,148,0,0,0,86,106,1803000
"Budapest (HU)","Automotive",10,1.8,0.17,170,64,0.79,0.15,109,20,2.05,0.03,111,96,1768000
"Budapest (HU)","Energy",0,0,0,170,179,1.21,0.23,109,0,0,0,111,96,1768000
"Budapest (HU)","Finance",2,0.26,0.02,170,67,0.87,0.16,109,0,0,0,111,96,1768000
"Budapest (HU)","Healthcare",6,0.71,0.07,170,359,0.72,0.13,109,51.63,7.88,0.12,111,96,1768000
"Budapest (HU)","Semiconductor",69,0.91,0.08,170,84,0.66,0.12,109,22,3.07,0.05,111,96,1768000
"Buenos Aires (AR)","Automotive",0,0,0,429,5,0.05,0.01,327,0,0,0,203,248,15154000
"Buenos Aires (AR)","Energy",0,0,0,429,65,0.37,0.08,327,0,0,0,203,248,15154000
"Buenos Aires (AR)","Finance",1,1.15,0.01,429,17,0.18,0.04,327,2.72,3.84,0.01,203,248,15154000
"Buenos Aires (AR)","Healthcare",3,3.11,0.03,429,154,0.26,0.06,327,0.87,1.26,0,203,248,15154000
"Buenos Aires (AR)","Semiconductor",2,0.23,0,429,71,0.47,0.1,327,0,0,0,203,248,15154000
"Buffalo (US)","Automotive",5,1.53,0.08,175,33,1.1,0.08,311,0,0,0,248,188,891000
"Buffalo (US)","Energy",0,0,0,175,16,0.29,0.02,311,0,0,0,248,188,891000
"Buffalo (US)","Finance",5,1.11,0.06,175,21,0.73,0.05,311,0.75,1.2,0,248,188,891000
"Buffalo (US)","Healthcare",8,1.6,0.09,175,223,1.21,0.08,311,1.88,3.08,0,248,188,891000
"Buffalo (US)","Semiconductor",14,0.31,0.02,175,61,1.3,0.09,311,0,0,0,248,188,891000
"Bursa (TR)","Automotive",4,2,0.07,241,8,0.5,0.02,528,0,0,0,377,295,1986000
"Bursa (TR)","Energy",0,0,0,241,25,0.85,0.03,528,0.13,45.31,0,377,295,1986000
"Bursa (TR)","Finance",1,0.36,0.01,241,19,1.23,0.05,528,0,0,0,377,295,1986000
"Bursa (TR)","Healthcare",2,0.65,0.02,241,43,0.43,0.02,528,0,0,0,377,295,1986000
"Bursa (TR)","Semiconductor",10,0.37,0.01,241,4,0.16,0.01,528,0,0,0,377,295,1986000
"Busan (KR)","Automotive",9,0.46,0.15,38,45,0.78,0.1,149,0,0,0,273,115,4835000
"Busan (KR)","Energy",10,1.07,0.35,38,93,0.88,0.12,149,0,0,0,273,115,4835000
"Busan (KR)","Finance",56,2.08,0.68,38,52,0.94,0.13,149,0,0,0,273,115,4835000
"Busan (KR)","Healthcare",50,1.67,0.55,38,302,0.85,0.11,149,0.37,1.33,0,273,115,4835000
"Busan (KR)","Semiconductor",118,0.44,0.14,38,66,0.73,0.1,149,0,0,0,273,115,4835000
"Busto Arsizio (IT)","Automotive",0,0,0,402,3,0.21,0.01,496,0,0,0,245,293,654000
"Busto Arsizio (IT)","Energy",0,0,0,402,33,1.24,0.04,496,0,0,0,245,293,654000
"Busto Arsizio (IT)","Finance",0,0,0,402,17,1.22,0.04,496,0,0,0,245,293,654000
"Busto Arsizio (IT)","Healthcare",0,0,0,402,68,0.76,0.03,496,0,0,0,245,293,654000
"Busto Arsizio (IT)","Semiconductor",6,0.26,0.01,402,12,0.53,0.02,496,0,0,0,245,293,654000
"Bydgoszcz (PL)","Automotive",1,12.24,0.02,654,2,0.24,0,780,0,0,0,216,377,348000
"Bydgoszcz (PL)","Energy",0,0,0,654,9,0.59,0.01,780,0,0,0,216,377,348000
"Bydgoszcz (PL)","Finance",0,0,0,654,3,0.37,0.01,780,0,0,0,216,377,348000
"Bydgoszcz (PL)","Healthcare",1,8,0.01,654,31,0.6,0.01,780,0,0,0,216,377,348000
"Bydgoszcz (PL)","Semiconductor",1,0.89,0,654,5,0.38,0.01,780,0,0,0,216,377,348000
"C<f3>rdoba (AR)","Automotive",1,5.46,0.02,552,2,0.13,0,781,0,0,0,235,362,1572000
"C<f3>rdoba (AR)","Energy",0,0,0,552,9,0.31,0.01,781,0,0,0,235,362,1572000
"C<f3>rdoba (AR)","Finance",0,0,0,552,4,0.27,0.01,781,0.15,0.43,0,235,362,1572000
"C<f3>rdoba (AR)","Healthcare",2,7.14,0.02,552,9,0.09,0,781,3.24,9.53,0.01,235,362,1572000
"C<f3>rdoba (AR)","Semiconductor",1,0.4,0,552,7,0.29,0.01,781,0,0,0,235,362,1572000
"Cagayan de Oro City (PH)","Automotive",0,0,0,992,1,0.97,0,1113,0,0,0,263,437,753000
"Cagayan de Oro City (PH)","Energy",0,0,0,992,2,1.06,0,1113,0,0,0,263,437,753000
"Cagayan de Oro City (PH)","Finance",0,0,0,992,0,0,0,1113,22,19.76,0.05,263,437,753000
"Cagayan de Oro City (PH)","Healthcare",0,0,0,992,7,1.1,0,1113,0,0,0,263,437,753000
"Cagayan de Oro City (PH)","Semiconductor",0,0,0,992,0,0,0,1113,0,0,0,263,437,753000
"Calgary (CA)","Automotive",5,0.74,0.08,102,28,0.55,0.06,206,0.76,0.08,0,61,88,1547000
"Calgary (CA)","Energy",9,2.81,0.32,102,96,1.04,0.12,206,43.06,31.97,0.44,61,88,1547000
"Calgary (CA)","Finance",9,0.97,0.11,102,17,0.35,0.04,206,56.68,9.18,0.13,61,88,1547000
"Calgary (CA)","Healthcare",17,1.65,0.19,102,237,0.76,0.09,206,1.91,0.32,0,61,88,1547000
"Calgary (CA)","Semiconductor",26,0.28,0.03,102,85,1.08,0.13,206,0.19,0.03,0,61,88,1547000
"Campinas (BR)","Automotive",3,1.45,0.05,228,16,0.32,0.04,255,0,0,0,350,220,3301000
"Campinas (BR)","Energy",0,0,0,228,85,0.94,0.11,255,0,0,0,350,220,3301000
"Campinas (BR)","Finance",7,2.45,0.08,228,26,0.55,0.06,255,0.49,9.88,0,350,220,3301000
"Campinas (BR)","Healthcare",4,1.26,0.04,228,119,0.39,0.04,255,0,0,0,350,220,3301000
"Campinas (BR)","Semiconductor",16,0.56,0.02,228,54,0.7,0.08,255,0,0,0,350,220,3301000
"Cape Coral (US)","Automotive",1,2.37,0.02,582,2,0.62,0,1048,0,0,0,299,409,851000
"Cape Coral (US)","Energy",0,0,0,582,4,0.68,0.01,1048,0,0,0,299,409,851000
"Cape Coral (US)","Finance",1,1.72,0.01,582,1,0.33,0,1048,7.92,18.59,0.02,299,409,851000
"Cape Coral (US)","Healthcare",0,0,0,582,10,0.51,0,1048,0.25,0.6,0,299,409,851000
"Cape Coral (US)","Semiconductor",1,0.17,0,582,0,0,0,1048,0,0,0,299,409,851000
"Cape Town (ZA)","Automotive",1,1.08,0.02,338,9,0.15,0.02,307,0,0,0,127,201,4618000
"Cape Town (ZA)","Energy",0,0,0,338,78,0.71,0.1,307,0,0,0,127,201,4618000
"Cape Town (ZA)","Finance",0,0,0,338,22,0.38,0.05,307,0,0,0,127,201,4618000
"Cape Town (ZA)","Healthcare",2,1.42,0.02,338,177,0.48,0.07,307,9.49,4.2,0.02,127,201,4618000
"Cape Town (ZA)","Semiconductor",5,0.4,0.01,338,28,0.3,0.04,307,0,0,0,127,201,4618000
"Cardiff (GB)","Automotive",0,0,0,276,17,0.46,0.04,276,0.98,0.52,0,88,162,478000
"Cardiff (GB)","Energy",0,0,0,276,61,0.9,0.08,276,0,0,0,88,162,478000
"Cardiff (GB)","Finance",4,2.46,0.05,276,27,0.76,0.07,276,1.06,0.82,0,88,162,478000
"Cardiff (GB)","Healthcare",2,1.11,0.02,276,165,0.72,0.06,276,18.41,14.6,0.04,88,162,478000
"Cardiff (GB)","Semiconductor",10,0.62,0.01,276,24,0.41,0.04,276,0,0,0,88,162,478000
"Catania (IT)","Automotive",0,0,0,609,13,0.56,0.03,328,0,0,0,184,290,586000
"Catania (IT)","Energy",0,0,0,609,48,1.13,0.06,328,0,0,0,184,290,586000
"Catania (IT)","Finance",0,0,0,609,17,0.76,0.04,328,0,0,0,184,290,586000
"Catania (IT)","Healthcare",1,3.45,0.01,609,101,0.7,0.04,328,0.87,2.49,0,184,290,586000
"Catania (IT)","Semiconductor",1,0.39,0,609,50,1.38,0.07,328,0,0,0,184,290,586000
"Chandigarh (IN)","Automotive",1,1.2,0.02,222,173,2.04,0.4,41,0.03,0.05,0,285,137,1148000
"Chandigarh (IN)","Energy",0,0,0,222,296,1.9,0.37,41,0,0,0,285,137,1148000
"Chandigarh (IN)","Finance",7,6.13,0.08,222,314,3.86,0.76,41,0,0,0,285,137,1148000
"Chandigarh (IN)","Healthcare",5,3.94,0.05,222,1572,3,0.59,41,0,0,0,285,137,1148000
"Chandigarh (IN)","Semiconductor",11,0.97,0.01,222,99,0.74,0.15,41,0,0,0,285,137,1148000
"Changsha (CN)","Automotive",5,0.85,0.08,156,593,2.61,1.37,18,0,0,0,159,79,4578000
"Changsha (CN)","Energy",2,0.71,0.07,156,581,1.4,0.73,18,0,0,0,159,79,4578000
"Changsha (CN)","Finance",2,0.25,0.02,156,241,1.11,0.58,18,0,0,0,159,79,4578000
"Changsha (CN)","Healthcare",2,0.22,0.02,156,1714,1.22,0.64,18,4.39,3.99,0.01,159,79,4578000
"Changsha (CN)","Semiconductor",56,0.69,0.07,156,654,1.84,0.97,18,13.7,11.38,0.03,159,79,4578000
"Changzhou, Jiangsu (CN)","Automotive",2,0.27,0.03,174,32,1.18,0.07,298,0,0,0,329,209,3625000
"Changzhou, Jiangsu (CN)","Energy",2,0.58,0.07,174,38,0.76,0.05,298,0,0,0,329,209,3625000
"Changzhou, Jiangsu (CN)","Finance",3,0.3,0.04,174,17,0.65,0.04,298,0,0,0,329,209,3625000
"Changzhou, Jiangsu (CN)","Healthcare",2,0.18,0.02,174,137,0.82,0.05,298,0,0,0,329,209,3625000
"Changzhou, Jiangsu (CN)","Semiconductor",27,0.27,0.03,174,50,1.18,0.07,298,13.81,9.23,0.03,329,209,3625000
"Chaoyang (CN)","Automotive",0,0,0,880,3,2.25,0.01,923,0,0,0,191,418,539000
"Chaoyang (CN)","Energy",0,0,0,880,5,2.05,0.01,923,0,0,0,191,418,539000
"Chaoyang (CN)","Finance",0,0,0,880,3,2.35,0.01,923,19.55,4.01,0.04,191,418,539000
"Chaoyang (CN)","Healthcare",0,0,0,880,9,1.1,0,923,0,0,0,191,418,539000
"Chaoyang (CN)","Semiconductor",2,2.48,0,880,1,0.48,0,923,0,0,0,191,418,539000
"Charleroi (BE)","Automotive",1,0.54,0.02,396,0,0,0,852,0,0,0,404,378,413000
"Charleroi (BE)","Energy",0,0,0,396,4,0.24,0.01,852,0,0,0,404,378,413000
"Charleroi (BE)","Finance",0,0,0,396,5,0.57,0.01,852,0,0,0,404,378,413000
"Charleroi (BE)","Healthcare",0,0,0,396,19,0.33,0.01,852,0,0,0,404,378,413000
"Charleroi (BE)","Semiconductor",0,0,0,396,5,0.35,0.01,852,0,0,0,404,378,413000
"Charleston-North Charleston (US)","Automotive",3,1.38,0.05,203,5,0.25,0.01,672,0,0,0,282,299,708000
"Charleston-North Charleston (US)","Energy",0,0,0,203,10,0.27,0.01,672,0,0,0,282,299,708000
"Charleston-North Charleston (US)","Finance",12,4.03,0.15,203,4,0.21,0.01,672,0,0,0,282,299,708000
"Charleston-North Charleston (US)","Healthcare",2,0.6,0.02,203,84,0.68,0.03,672,2,3.01,0,282,299,708000
"Charleston-North Charleston (US)","Semiconductor",46,1.55,0.06,203,4,0.13,0.01,672,0,0,0,282,299,708000
"Charlotte (US)","Automotive",3,0.39,0.05,147,16,0.71,0.04,353,0.12,0.01,0,103,152,2054000
"Charlotte (US)","Energy",3,0.83,0.11,147,27,0.65,0.03,353,0,0,0,103,152,2054000
"Charlotte (US)","Finance",4,0.38,0.05,147,19,0.88,0.05,353,3.45,0.27,0.01,103,152,2054000
"Charlotte (US)","Healthcare",4,0.34,0.04,147,121,0.87,0.05,353,0.27,0.02,0,103,152,2054000
"Charlotte (US)","Semiconductor",53,0.51,0.06,147,36,1.02,0.05,353,31.95,2.37,0.07,103,152,2054000
"Chattanooga (US)","Automotive",0,0,0,344,3,0.56,0.01,817,0,0,0,441,371,421000
"Chattanooga (US)","Energy",0,0,0,344,1,0.1,0,817,0,0,0,441,371,421000
"Chattanooga (US)","Finance",2,1.73,0.02,344,5,0.97,0.01,817,0,0,0,441,371,421000
"Chattanooga (US)","Healthcare",2,1.56,0.02,344,38,1.14,0.01,817,0,0,0,441,371,421000
"Chattanooga (US)","Semiconductor",6,0.52,0.01,344,6,0.71,0.01,817,0,0,0,441,371,421000
"Chengdu (CN)","Automotive",5,0.29,0.08,105,619,2.01,1.43,7,0,0,0,157,61,9136000
"Chengdu (CN)","Energy",4,0.49,0.14,105,939,1.67,1.19,7,0,0,0,157,61,9136000
"Chengdu (CN)","Finance",7,0.29,0.08,105,444,1.51,1.07,7,3.38,0.31,0.01,157,61,9136000
"Chengdu (CN)","Healthcare",4,0.15,0.04,105,2298,1.21,0.86,7,15,1.39,0.03,157,61,9136000
"Chengdu (CN)","Semiconductor",179,0.76,0.22,105,808,1.68,1.19,7,13.94,1.18,0.03,157,61,9136000
"Chennai (IN)","Automotive",19,2.25,0.32,61,500,2.58,1.16,9,0,0,0,134,42,10971000
"Chennai (IN)","Energy",4,0.99,0.14,61,673,1.89,0.85,9,1.82,0.86,0.02,134,42,10971000
"Chennai (IN)","Finance",23,1.98,0.28,61,856,4.6,2.07,9,75.12,7.72,0.17,134,42,10971000
"Chennai (IN)","Healthcare",15,1.16,0.16,61,3814,3.18,1.43,9,0,0,0,134,42,10971000
"Chennai (IN)","Semiconductor",100,0.86,0.12,61,306,1.01,0.45,9,0,0,0,134,42,10971000
"Cheonan (KR)","Automotive",22,1.26,0.37,31,39,1.69,0.09,304,0,0,0,268,152,680000
"Cheonan (KR)","Energy",27,3.26,0.95,31,32,0.76,0.04,304,0.07,1.07,0,268,152,680000
"Cheonan (KR)","Finance",34,1.42,0.41,31,23,1.04,0.06,304,0,0,0,268,152,680000
"Cheonan (KR)","Healthcare",40,1.5,0.44,31,115,0.81,0.04,304,1.97,6.72,0,268,152,680000
"Cheonan (KR)","Semiconductor",111,0.47,0.14,31,36,1,0.05,304,0,0,0,268,152,680000
"Cheongju (KR)","Automotive",6,0.41,0.1,63,22,1.03,0.05,365,0,0,0,403,218,717000
"Cheongju (KR)","Energy",5,0.72,0.18,63,19,0.49,0.02,365,0.77,45.31,0.01,403,218,717000
"Cheongju (KR)","Finance",31,1.55,0.38,63,28,1.37,0.07,365,0,0,0,403,218,717000
"Cheongju (KR)","Healthcare",43,1.94,0.47,63,106,0.8,0.04,365,0,0,0,403,218,717000
"Cheongju (KR)","Semiconductor",67,0.34,0.08,63,23,0.69,0.03,365,0,0,0,403,218,717000
"Chi?in?u (MD)","Automotive",0,0,0,730,6,0.53,0.01,628,0,0,0,297,380,499000
"Chi?in?u (MD)","Energy",0,0,0,730,13,0.62,0.02,628,0,0,0,297,380,499000
"Chi?in?u (MD)","Finance",0,0,0,730,7,0.64,0.02,628,0,0,0,297,380,499000
"Chi?in?u (MD)","Healthcare",0,0,0,730,27,0.38,0.01,628,0,0,0,297,380,499000
"Chi?in?u (MD)","Semiconductor",0,0,0,730,13,0.73,0.02,628,0,0,0,297,380,499000
"Chicago (US)","Automotive",40,1.32,0.67,20,120,0.58,0.28,52,23.5,0.17,0.04,29,19,8865000
"Chicago (US)","Energy",17,1.18,0.6,20,136,0.36,0.17,52,1.6,0.08,0.02,29,19,8865000
"Chicago (US)","Finance",68,1.63,0.83,20,115,0.58,0.28,52,305.18,3.15,0.69,29,19,8865000
"Chicago (US)","Healthcare",81,1.74,0.88,20,1229,0.96,0.46,52,892.61,9.4,2.05,29,19,8865000
"Chicago (US)","Semiconductor",331,0.8,0.4,20,432,1.33,0.64,52,0.8,0.01,0,29,19,8865000
"Chittagong (BD)","Automotive",0,0,0,1153,28,1.71,0.06,269,0,0,0,451,406,5020000
"Chittagong (BD)","Energy",0,0,0,1153,57,1.9,0.07,269,0,0,0,451,406,5020000
"Chittagong (BD)","Finance",0,0,0,1153,74,4.71,0.18,269,0,0,0,451,406,5020000
"Chittagong (BD)","Healthcare",0,0,0,1153,276,2.73,0.1,269,0,0,0,451,406,5020000
"Chittagong (BD)","Semiconductor",0,0,0,1153,5,0.19,0.01,269,0,0,0,451,406,5020000
"Chongqing (CN)","Automotive",13,1.63,0.22,100,438,2.25,1.01,23,0,0,0,124,55,15872000
"Chongqing (CN)","Energy",4,1.06,0.14,100,391,1.1,0.49,23,0,0,0,124,55,15872000
"Chongqing (CN)","Finance",5,0.46,0.06,100,249,1.34,0.6,23,10,2.27,0.02,124,55,15872000
"Chongqing (CN)","Healthcare",6,0.49,0.07,100,1378,1.15,0.52,23,0,0,0,124,55,15872000
"Chongqing (CN)","Semiconductor",92,0.84,0.11,100,386,1.27,0.57,23,15.2,3.22,0.03,124,55,15872000
"Christchurch (NZ)","Automotive",1,1.09,0.02,267,3,0.17,0.01,570,0,0,0,188,269,399000
"Christchurch (NZ)","Energy",1,2.3,0.04,267,12,0.37,0.02,570,0.53,5.35,0.01,188,269,399000
"Christchurch (NZ)","Finance",1,0.79,0.01,267,10,0.6,0.02,570,0,0,0,188,269,399000
"Christchurch (NZ)","Healthcare",1,0.71,0.01,267,62,0.57,0.02,570,0,0,0,188,269,399000
"Christchurch (NZ)","Semiconductor",6,0.48,0.01,267,19,0.69,0.03,570,0,0,0,188,269,399000
"Cincinnati (US)","Automotive",5,0.39,0.08,74,29,0.59,0.07,324,19.69,1.31,0.03,129,129,1746000
"Cincinnati (US)","Energy",3,0.49,0.11,74,24,0.27,0.03,324,0,0,0,129,129,1746000
"Cincinnati (US)","Finance",15,0.84,0.18,74,14,0.3,0.03,324,0.17,0.02,0,129,129,1746000
"Cincinnati (US)","Healthcare",47,2.37,0.51,74,220,0.72,0.08,324,2.78,0.28,0.01,129,129,1746000
"Cincinnati (US)","Semiconductor",67,0.38,0.08,74,37,0.48,0.05,324,0,0,0,129,129,1746000
"Ciudad de M<e9>xico (MX)","Automotive",0,0,0,320,18,0.12,0.04,130,0.45,0.04,0,95,135,21782000
"Ciudad de M<e9>xico (MX)","Energy",0,0,0,320,203,0.74,0.26,130,0,0,0,95,135,21782000
"Ciudad de M<e9>xico (MX)","Finance",3,1.86,0.04,320,69,0.48,0.17,130,88.72,10.24,0.2,95,135,21782000
"Ciudad de M<e9>xico (MX)","Healthcare",2,1.12,0.02,320,401,0.44,0.15,130,4.3,0.51,0.01,95,135,21782000
"Ciudad de M<e9>xico (MX)","Semiconductor",9,0.56,0.01,320,102,0.44,0.15,130,0.77,0.08,0,95,135,21782000
"Ciudad de Panam<e1> (PA)","Automotive",0,0,0,918,1,0.08,0,875,0,0,0,168,413,1860000
"Ciudad de Panam<e1> (PA)","Energy",0,0,0,918,10,0.42,0.01,875,0,0,0,168,413,1860000
"Ciudad de Panam<e1> (PA)","Finance",0,0,0,918,1,0.08,0,875,17.23,11.46,0.04,168,413,1860000
"Ciudad de Panam<e1> (PA)","Healthcare",0,0,0,918,15,0.19,0.01,875,0,0,0,168,413,1860000
"Ciudad de Panam<e1> (PA)","Semiconductor",1,1.24,0,918,2,0.1,0,875,0.5,0.31,0,168,413,1860000
"Cleveland (US)","Automotive",7,0.64,0.12,97,34,0.42,0.08,251,0,0,0,105,113,1763000
"Cleveland (US)","Energy",2,0.38,0.07,97,33,0.22,0.04,251,0,0,0,105,113,1763000
"Cleveland (US)","Finance",9,0.6,0.11,97,18,0.23,0.04,251,76.61,9.62,0.17,105,113,1763000
"Cleveland (US)","Healthcare",24,1.44,0.26,97,454,0.9,0.17,251,23.05,2.96,0.05,105,113,1763000
"Cleveland (US)","Semiconductor",47,0.31,0.06,97,41,0.32,0.06,251,0,0,0,105,113,1763000
"Cluj-Napoca (RO)","Automotive",6,14.34,0.1,348,19,0.83,0.04,332,0,0,0,269,244,308000
"Cluj-Napoca (RO)","Energy",0,0,0,348,43,1.03,0.05,332,0,0,0,269,244,308000
"Cluj-Napoca (RO)","Finance",0,0,0,348,20,0.92,0.05,332,0,0,0,269,244,308000
"Cluj-Napoca (RO)","Healthcare",3,4.69,0.03,348,136,0.97,0.05,332,6.33,20.2,0.01,269,244,308000
"Cluj-Napoca (RO)","Semiconductor",9,1.57,0.01,348,17,0.48,0.03,332,0,0,0,269,244,308000
"Coimbatore (IN)","Automotive",0,0,0,370,164,2.67,0.38,40,0,0,0,174,147,2787000
"Coimbatore (IN)","Energy",0,0,0,370,294,2.61,0.37,40,0,0,0,174,147,2787000
"Coimbatore (IN)","Finance",1,1.11,0.01,370,266,4.52,0.64,40,0,0,0,174,147,2787000
"Coimbatore (IN)","Healthcare",1,1,0.01,370,1345,3.55,0.5,40,0,0,0,174,147,2787000
"Coimbatore (IN)","Semiconductor",7,0.78,0.01,370,110,1.14,0.16,40,0,0,0,174,147,2787000
"Colombo (LK)","Automotive",0,0,0,619,14,0.56,0.03,300,0,0,0,192,287,613000
"Colombo (LK)","Energy",0,0,0,619,41,0.89,0.05,300,0.59,3.29,0.01,192,287,613000
"Colombo (LK)","Finance",0,0,0,619,40,1.66,0.1,300,0.95,1.16,0,192,287,613000
"Colombo (LK)","Healthcare",0,0,0,619,216,1.39,0.08,300,1.42,1.77,0,192,287,613000
"Colombo (LK)","Semiconductor",1,0.25,0,619,15,0.38,0.02,300,0,0,0,192,287,613000
"Colorado Springs (US)","Automotive",1,0.86,0.02,319,11,1.32,0.03,622,0,0,0,154,282,668000
"Colorado Springs (US)","Energy",0,0,0,319,11,0.72,0.01,622,0,0,0,154,282,668000
"Colorado Springs (US)","Finance",1,0.63,0.01,319,4,0.5,0.01,622,1.5,0.16,0,154,282,668000
"Colorado Springs (US)","Healthcare",1,0.56,0.01,319,37,0.72,0.01,622,0.65,0.07,0,154,282,668000
"Colorado Springs (US)","Semiconductor",19,1.2,0.02,319,14,1.07,0.02,622,0,0,0,154,282,668000
"Columbia, South Carolina (US)","Automotive",0,0,0,909,15,0.73,0.03,409,0,0,0,213,356,716000
"Columbia, South Carolina (US)","Energy",0,0,0,909,25,0.66,0.03,409,0.25,7.81,0,213,356,716000
"Columbia, South Carolina (US)","Finance",0,0,0,909,12,0.61,0.03,409,0,0,0,213,356,716000
"Columbia, South Carolina (US)","Healthcare",0,0,0,909,111,0.87,0.04,409,0,0,0,213,356,716000
"Columbia, South Carolina (US)","Semiconductor",0,0,0,909,25,0.77,0.04,409,0,0,0,213,356,716000
"Columbus, Ohio (US)","Automotive",13,1.04,0.22,59,39,0.48,0.09,238,4.4,0.17,0.01,76,91,1644000
"Columbus, Ohio (US)","Energy",5,0.84,0.18,59,32,0.21,0.04,238,0.3,0.08,0,76,91,1644000
"Columbus, Ohio (US)","Finance",12,0.7,0.15,59,20,0.26,0.05,238,5.9,0.32,0.01,76,91,1644000
"Columbus, Ohio (US)","Healthcare",34,1.78,0.37,59,354,0.7,0.13,238,23.23,1.3,0.05,76,91,1644000
"Columbus, Ohio (US)","Semiconductor",82,0.48,0.1,59,60,0.47,0.09,238,0,0,0,76,91,1644000
"Como (IT)","Automotive",0,0,0,506,1,0.36,0,1076,0,0,0,347,409,481000
"Como (IT)","Energy",0,0,0,506,0,0,0,1076,0,0,0,347,409,481000
"Como (IT)","Finance",0,0,0,506,0,0,0,1076,0.27,19.76,0,347,409,481000
"Como (IT)","Healthcare",0,0,0,506,16,0.94,0.01,1076,0,0,0,347,409,481000
"Como (IT)","Semiconductor",0,0,0,506,0,0,0,1076,0,0,0,347,409,481000
"Concepci<f3>n (CL)","Automotive",0,0,0,434,1,0.06,0,718,0,0,0,426,364,881000
"Concepci<f3>n (CL)","Energy",0,0,0,434,21,0.69,0.03,718,0,0,0,426,364,881000
"Concepci<f3>n (CL)","Finance",0,0,0,434,2,0.13,0,718,0,0,0,426,364,881000
"Concepci<f3>n (CL)","Healthcare",1,1.43,0.01,434,33,0.32,0.01,718,0,0,0,426,364,881000
"Concepci<f3>n (CL)","Semiconductor",1,0.16,0,434,14,0.54,0.02,718,0,0,0,426,364,881000
"Concord (US)","Automotive",12,0.73,0.2,43,4,0.41,0.01,659,200,2.88,0.31,50,192,683000
"Concord (US)","Energy",14,1.78,0.49,43,22,1.23,0.03,659,0.2,0.02,0,50,192,683000
"Concord (US)","Finance",21,0.92,0.25,43,3,0.32,0.01,659,268,5.61,0.6,50,192,683000
"Concord (US)","Healthcare",29,1.15,0.32,43,33,0.55,0.01,659,106.15,2.27,0.24,50,192,683000
"Concord (US)","Semiconductor",178,0.79,0.22,43,8,0.52,0.01,659,0,0,0,50,192,683000
"Coventry-Bedworth (GB)","Automotive",7,1.72,0.12,183,42,1.16,0.1,188,4.38,6.49,0.01,288,167,426000
"Coventry-Bedworth (GB)","Energy",1,0.52,0.04,183,52,0.79,0.07,188,0,0,0,288,167,426000
"Coventry-Bedworth (GB)","Finance",2,0.36,0.02,183,32,0.92,0.08,188,0.42,0.9,0,288,167,426000
"Coventry-Bedworth (GB)","Healthcare",3,0.48,0.03,183,334,1.5,0.13,188,0,0,0,288,167,426000
"Coventry-Bedworth (GB)","Semiconductor",14,0.25,0.02,183,51,0.9,0.08,188,0,0,0,288,167,426000
"Curitiba (BR)","Automotive",4,4.84,0.07,313,13,0.26,0.03,286,1.73,2.28,0,217,215,3679000
"Curitiba (BR)","Energy",0,0,0,313,82,0.9,0.1,286,0,0,0,217,215,3679000
"Curitiba (BR)","Finance",1,0.88,0.01,313,35,0.73,0.08,286,1.78,3.41,0,217,215,3679000
"Curitiba (BR)","Healthcare",1,0.79,0.01,313,116,0.38,0.04,286,0,0,0,217,215,3679000
"Curitiba (BR)","Semiconductor",8,0.71,0.01,313,23,0.29,0.03,286,0,0,0,217,215,3679000
"Da Nang (VN)","Automotive",0,0,0,1059,6,0.58,0.01,441,0,0,0,389,407,1125000
"Da Nang (VN)","Energy",0,0,0,1059,41,2.15,0.05,441,0,0,0,389,407,1125000
"Da Nang (VN)","Finance",0,0,0,1059,18,1.81,0.04,441,1,6.81,0,389,407,1125000
"Da Nang (VN)","Healthcare",0,0,0,1059,68,1.06,0.03,441,0,0,0,389,407,1125000
"Da Nang (VN)","Semiconductor",1,4.47,0,1059,16,0.98,0.02,441,0,0,0,389,407,1125000
"Daegu (KR)","Automotive",18,1.34,0.3,57,64,1.18,0.15,140,0,0,0,201,97,2199000
"Daegu (KR)","Energy",3,0.47,0.11,57,76,0.77,0.1,140,0,0,0,201,97,2199000
"Daegu (KR)","Finance",27,1.46,0.33,57,47,0.91,0.11,140,0,0,0,201,97,2199000
"Daegu (KR)","Healthcare",42,2.04,0.46,57,317,0.95,0.12,140,18.7,13.83,0.04,201,97,2199000
"Daegu (KR)","Semiconductor",82,0.44,0.1,57,110,1.3,0.16,140,2.89,1.95,0.01,201,97,2199000
"Daejon (KR)","Automotive",68,0.72,1.14,12,247,2.37,0.57,48,7.59,1.06,0.01,176,53,1566000
"Daejon (KR)","Energy",172,3.81,6.03,12,209,1.1,0.26,48,0,0,0,176,53,1566000
"Daejon (KR)","Finance",98,0.75,1.19,12,96,0.96,0.23,48,0.22,0.04,0,176,53,1566000
"Daejon (KR)","Healthcare",144,0.99,1.57,12,595,0.93,0.22,48,16.58,3.45,0.04,176,53,1566000
"Daejon (KR)","Semiconductor",518,0.4,0.63,12,389,2.39,0.57,48,0,0,0,176,53,1566000
"Dallas-Fort Worth (US)","Automotive",11,0.79,0.18,56,13,0.6,0.03,432,0,0,0,283,200,6301000
"Dallas-Fort Worth (US)","Energy",6,0.91,0.21,56,27,0.68,0.03,432,0,0,0,283,200,6301000
"Dallas-Fort Worth (US)","Finance",19,1,0.23,56,7,0.34,0.02,432,2.1,8.81,0,283,200,6301000
"Dallas-Fort Worth (US)","Healthcare",31,1.46,0.34,56,137,1.03,0.05,432,0,0,0,283,200,6301000
"Dallas-Fort Worth (US)","Semiconductor",112,0.59,0.14,56,22,0.65,0.03,432,0,0,0,283,200,6301000
"Dar-el-Beida (MA)","Automotive",6,10.43,0.1,461,10,0.48,0.02,258,0,0,0,392,287,3752000
"Dar-el-Beida (MA)","Energy",1,3.65,0.04,461,98,2.56,0.12,258,0,0,0,392,287,3752000
"Dar-el-Beida (MA)","Finance",0,0,0,461,48,2.4,0.12,258,0,0,0,392,287,3752000
"Dar-el-Beida (MA)","Healthcare",0,0,0,461,126,0.98,0.05,258,0,0,0,392,287,3752000
"Dar-el-Beida (MA)","Semiconductor",1,0.13,0,461,40,1.22,0.06,258,0,0,0,392,287,3752000
"Davao City (PH)","Automotive",0,0,0,1005,0,0,0,907,0,0,0,445,436,1825000
"Davao City (PH)","Energy",0,0,0,1005,9,1.33,0.01,907,0,0,0,445,436,1825000
"Davao City (PH)","Finance",0,0,0,1005,7,1.97,0.02,907,0,0,0,445,436,1825000
"Davao City (PH)","Healthcare",0,0,0,1005,24,1.05,0.01,907,0,0,0,445,436,1825000
"Davao City (PH)","Semiconductor",1,4.47,0,1005,0,0,0,907,0,0,0,445,436,1825000
"Dayton (US)","Automotive",5,2.21,0.08,211,55,2.5,0.13,203,0.6,0.49,0,117,130,741000
"Dayton (US)","Energy",0,0,0,211,40,0.99,0.05,203,0,0,0,117,130,741000
"Dayton (US)","Finance",4,1.29,0.05,211,31,1.47,0.07,203,0.6,0.71,0,117,130,741000
"Dayton (US)","Healthcare",4,1.16,0.04,211,178,1.31,0.07,203,8.25,9.95,0.02,117,130,741000
"Dayton (US)","Semiconductor",25,0.81,0.03,211,122,3.55,0.18,203,2.1,2.31,0,117,130,741000
"Daytona Beach-Port Orange (US)","Automotive",0,0,0,390,14,3.9,0.03,668,0,0,0,125,307,476000
"Daytona Beach-Port Orange (US)","Energy",1,4.4,0.04,390,5,0.76,0.01,668,0,0,0,125,307,476000
"Daytona Beach-Port Orange (US)","Finance",2,3.05,0.02,390,8,2.33,0.02,668,3.5,16.63,0.01,125,307,476000
"Daytona Beach-Port Orange (US)","Healthcare",0,0,0,390,29,1.31,0.01,668,0,0,0,125,307,476000
"Daytona Beach-Port Orange (US)","Semiconductor",6,0.92,0.01,390,6,1.07,0.01,668,0,0,0,125,307,476000
"Delhi (IN)","Automotive",10,0.95,0.17,49,316,1.08,0.73,12,29.97,0.52,0.05,35,18,30291000
"Delhi (IN)","Energy",8,1.6,0.28,49,852,1.6,1.08,12,36.39,4.24,0.37,35,18,30291000
"Delhi (IN)","Finance",41,2.83,0.5,49,702,2.51,1.69,12,86.27,2.19,0.19,35,18,30291000
"Delhi (IN)","Healthcare",19,1.18,0.21,49,3055,1.7,1.15,12,41.99,1.09,0.1,35,18,30291000
"Delhi (IN)","Semiconductor",199,1.38,0.24,49,360,0.79,0.53,12,0.2,0,0,35,18,30291000
"Denton-Lewisville (US)","Automotive",20,1.05,0.33,28,97,1.09,0.22,105,0,0,0,30,34,445000
"Denton-Lewisville (US)","Energy",18,1.98,0.63,28,70,0.43,0.09,105,103.8,5.28,1.07,30,34,445000
"Denton-Lewisville (US)","Finance",37,1.41,0.45,28,68,0.79,0.16,105,193.13,2.14,0.43,30,34,445000
"Denton-Lewisville (US)","Healthcare",39,1.34,0.43,28,579,1.05,0.22,105,131.61,1.49,0.3,30,34,445000
"Denton-Lewisville (US)","Semiconductor",247,0.95,0.3,28,139,0.99,0.21,105,18.3,0.19,0.04,30,34,445000
"Denver-Aurora (US)","Automotive",15,0.65,0.25,27,60,0.5,0.14,102,135,0.25,0.21,12,29,2827000
"Denver-Aurora (US)","Energy",16,1.45,0.56,27,424,1.95,0.54,102,2576.38,31.96,26.55,12,29,2827000
"Denver-Aurora (US)","Finance",33,1.04,0.4,27,33,0.29,0.08,102,209.63,0.57,0.47,12,29,2827000
"Denver-Aurora (US)","Healthcare",64,1.81,0.7,27,454,0.62,0.17,102,1061.86,2.94,2.44,12,29,2827000
"Denver-Aurora (US)","Semiconductor",283,0.89,0.34,27,171,0.92,0.25,102,30.56,0.08,0.06,12,29,2827000
"Des Moines (US)","Automotive",2,1.3,0.03,206,30,1.31,0.07,314,0,0,0,296,215,544000
"Des Moines (US)","Energy",1,1.36,0.04,206,36,0.86,0.05,314,0,0,0,296,215,544000
"Des Moines (US)","Finance",8,3.77,0.1,206,19,0.86,0.05,314,5.04,11.9,0.01,296,215,544000
"Des Moines (US)","Healthcare",1,0.42,0.01,206,81,0.57,0.03,314,0,0,0,296,215,544000
"Des Moines (US)","Semiconductor",16,0.76,0.02,206,68,1.89,0.1,314,0,0,0,296,215,544000
"Detroit (US)","Automotive",53,5.18,0.88,64,77,1.4,0.18,168,0,0,0,156,94,3548000
"Detroit (US)","Energy",4,0.82,0.14,64,64,0.64,0.08,168,0,0,0,156,94,3548000
"Detroit (US)","Finance",16,1.14,0.19,64,33,0.63,0.08,168,8.41,0.98,0.02,156,94,3548000
"Detroit (US)","Healthcare",14,0.9,0.15,64,300,0.88,0.11,168,1.77,0.21,0,156,94,3548000
"Detroit (US)","Semiconductor",71,0.51,0.09,64,54,0.63,0.08,168,0,0,0,156,94,3548000
"Dhaka (BD)","Automotive",2,4.34,0.03,263,169,1.71,0.39,40,3,2.39,0,209,125,21006000
"Dhaka (BD)","Energy",0,0,0,263,363,2,0.46,40,0,0,0,209,125,21006000
"Dhaka (BD)","Finance",4,6.31,0.05,263,377,3.98,0.91,40,0,0,0,209,125,21006000
"Dhaka (BD)","Healthcare",2,2.84,0.02,263,1562,2.56,0.59,40,0,0,0,209,125,21006000
"Dhaka (BD)","Semiconductor",11,1.74,0.01,263,92,0.59,0.14,40,0,0,0,209,125,21006000
"Diyarbakir (TR)","Automotive",0,0,0,1085,4,0.43,0.01,689,0,0,0,262,426,1039000
"Diyarbakir (TR)","Energy",0,0,0,1085,18,1.06,0.02,689,0,0,0,262,426,1039000
"Diyarbakir (TR)","Finance",0,0,0,1085,3,0.34,0.01,689,0.02,6.59,0,262,426,1039000
"Diyarbakir (TR)","Healthcare",0,0,0,1085,57,1,0.02,689,0,0,0,262,426,1039000
"Diyarbakir (TR)","Semiconductor",0,0,0,1085,4,0.28,0.01,689,0,0,0,262,426,1039000
"Dnipro (UA)","Automotive",0,0,0,328,5,0.49,0.01,801,0,0,0,408,357,957000
"Dnipro (UA)","Energy",0,0,0,328,19,1.01,0.02,801,0,0,0,408,357,957000
"Dnipro (UA)","Finance",2,7.29,0.02,328,1,0.1,0,801,0,0,0,408,357,957000
"Dnipro (UA)","Healthcare",0,0,0,328,16,0.25,0.01,801,1.95,20.2,0,408,357,957000
"Dnipro (UA)","Semiconductor",2,0.73,0,328,2,0.12,0,801,0,0,0,408,357,957000
"Dongguan (CN)","Automotive",11,0.17,0.18,54,43,1.77,0.1,211,0,0,0,430,175,7408000
"Dongguan (CN)","Energy",22,0.72,0.77,54,35,0.79,0.04,211,0,0,0,430,175,7408000
"Dongguan (CN)","Finance",16,0.18,0.19,54,39,1.67,0.09,211,0,0,0,430,175,7408000
"Dongguan (CN)","Healthcare",6,0.06,0.07,54,183,1.22,0.07,211,0,0,0,430,175,7408000
"Dongguan (CN)","Semiconductor",1234,1.4,1.5,54,92,2.42,0.14,211,0,0,0,430,175,7408000
"Dortmund (DE)","Automotive",7,1.01,0.12,133,28,1.11,0.06,313,0,0,0,224,169,590000
"Dortmund (DE)","Energy",2,0.61,0.07,133,17,0.37,0.02,313,0,0,0,224,169,590000
"Dortmund (DE)","Finance",4,0.42,0.05,133,21,0.87,0.05,313,3.99,13.93,0.01,224,169,590000
"Dortmund (DE)","Healthcare",6,0.57,0.07,133,178,1.14,0.07,313,0,0,0,224,169,590000
"Dortmund (DE)","Semiconductor",31,0.33,0.04,133,98,2.48,0.14,313,0,0,0,224,169,590000
"Dresden (DE)","Automotive",5,0.89,0.08,187,46,0.86,0.11,182,47.43,2.27,0.07,232,151,575000
"Dresden (DE)","Energy",1,0.38,0.04,187,57,0.58,0.07,182,0,0,0,232,151,575000
"Dresden (DE)","Finance",2,0.26,0.02,187,20,0.39,0.05,182,0,0,0,232,151,575000
"Dresden (DE)","Healthcare",2,0.23,0.02,187,271,0.82,0.1,182,0,0,0,232,151,575000
"Dresden (DE)","Semiconductor",20,0.26,0.02,187,195,2.34,0.29,182,10.42,0.68,0.02,232,151,575000
"Dubayy (AE)","Automotive",0,0,0,176,23,0.97,0.05,174,6.2,0.03,0.01,23,91,2878000
"Dubayy (AE)","Energy",1,1.11,0.04,176,86,1.99,0.11,174,41.1,1.4,0.42,23,91,2878000
"Dubayy (AE)","Finance",15,5.74,0.18,176,146,6.45,0.35,174,916.05,6.78,2.06,23,91,2878000
"Dubayy (AE)","Healthcare",7,2.41,0.08,176,622,4.26,0.23,174,20.95,0.16,0.05,23,91,2878000
"Dubayy (AE)","Semiconductor",26,1,0.03,176,14,0.38,0.02,174,300,2.07,0.63,23,91,2878000
"Dublin (IE)","Automotive",8,1.5,0.13,80,55,0.63,0.13,100,0,0,0,57,54,1228000
"Dublin (IE)","Energy",4,1.58,0.14,80,138,0.87,0.17,100,0.12,0.01,0,57,54,1228000
"Dublin (IE)","Finance",12,1.64,0.15,80,68,0.82,0.16,100,250.12,3.81,0.56,57,54,1228000
"Dublin (IE)","Healthcare",13,1.6,0.14,80,538,1,0.2,100,103.94,1.62,0.24,57,54,1228000
"Dublin (IE)","Semiconductor",70,0.96,0.09,80,116,0.85,0.17,100,0,0,0,57,54,1228000
"Duesseldorf (DE)","Automotive",7,0.44,0.12,126,13,0.38,0.03,421,0,0,0,241,206,632000
"Duesseldorf (DE)","Energy",1,0.13,0.04,126,15,0.24,0.02,421,0,0,0,241,206,632000
"Duesseldorf (DE)","Finance",8,0.37,0.1,126,11,0.33,0.03,421,1.55,0.25,0,241,206,632000
"Duesseldorf (DE)","Healthcare",4,0.16,0.04,126,146,0.68,0.05,421,2.57,0.43,0.01,241,206,632000
"Duesseldorf (DE)","Semiconductor",43,0.2,0.05,126,35,0.65,0.05,421,0,0,0,241,206,632000
"Duisburg (DE)","Automotive",3,0.79,0.05,228,3,1.8,0.01,1080,0,0,0,395,389,515000
"Duisburg (DE)","Energy",2,1.11,0.07,228,0,0,0,1080,1.1,90.61,0.01,395,389,515000
"Duisburg (DE)","Finance",2,0.38,0.02,228,0,0,0,1080,0,0,0,395,389,515000
"Duisburg (DE)","Healthcare",0,0,0,228,4,0.39,0,1080,0,0,0,395,389,515000
"Duisburg (DE)","Semiconductor",8,0.15,0.01,228,5,1.92,0.01,1080,0,0,0,395,389,515000
"Durban (ZA)","Automotive",0,0,0,679,4,0.15,0.01,427,0,0,0,220,327,3158000
"Durban (ZA)","Energy",0,0,0,679,36,0.75,0.05,427,5,90.61,0.05,220,327,3158000
"Durban (ZA)","Finance",0,0,0,679,22,0.87,0.05,427,0,0,0,220,327,3158000
"Durban (ZA)","Healthcare",1,5,0.01,679,116,0.71,0.04,427,0,0,0,220,327,3158000
"Durban (ZA)","Semiconductor",3,1.67,0,679,17,0.41,0.03,427,0,0,0,220,327,3158000
"Durham (US)","Automotive",4,0.31,0.07,110,68,0.43,0.16,103,0,0,0,53,60,418000
"Durham (US)","Energy",0,0,0,110,75,0.26,0.09,103,7.05,0.81,0.07,53,60,418000
"Durham (US)","Finance",20,1.13,0.24,110,53,0.35,0.13,103,22,0.55,0.05,53,60,418000
"Durham (US)","Healthcare",43,2.19,0.47,110,1002,1.03,0.38,103,384.66,9.91,0.88,53,60,418000
"Durham (US)","Semiconductor",101,0.57,0.12,110,173,0.7,0.26,103,26.04,0.61,0.05,53,60,418000
"Edinburgh (GB)","Automotive",3,0.95,0.05,168,71,0.96,0.16,120,3.43,0.33,0.01,55,82,537000
"Edinburgh (GB)","Energy",1,0.66,0.04,168,68,0.5,0.09,120,34.05,21.5,0.35,55,82,537000
"Edinburgh (GB)","Finance",3,0.69,0.04,168,66,0.93,0.16,120,37.17,5.12,0.08,55,82,537000
"Edinburgh (GB)","Healthcare",8,1.65,0.09,168,454,0.99,0.17,120,13.4,1.89,0.03,55,82,537000
"Edinburgh (GB)","Semiconductor",31,0.71,0.04,168,119,1.02,0.18,120,0,0,0,55,82,537000
"Edmonton (CA)","Automotive",3,0.99,0.05,167,51,0.86,0.12,131,0,0,0,250,137,1461000
"Edmonton (CA)","Energy",1,0.69,0.04,167,133,1.23,0.17,131,0,0,0,250,137,1461000
"Edmonton (CA)","Finance",5,1.2,0.06,167,61,1.08,0.15,131,5.02,0.59,0.01,250,137,1461000
"Edmonton (CA)","Healthcare",11,2.37,0.12,167,302,0.83,0.11,131,6.71,0.8,0.02,250,137,1461000
"Edmonton (CA)","Semiconductor",16,0.39,0.02,167,74,0.8,0.11,131,0,0,0,250,137,1461000
"Eindhoven (NL)","Automotive",34,0.81,0.57,21,61,1.47,0.14,154,0,0,0,101,62,359000
"Eindhoven (NL)","Energy",29,1.46,1.02,21,59,0.77,0.07,154,10.32,1.98,0.11,101,62,359000
"Eindhoven (NL)","Finance",27,0.47,0.33,21,32,0.8,0.08,154,0,0,0,101,62,359000
"Eindhoven (NL)","Healthcare",177,2.77,1.93,21,321,1.25,0.12,154,1.29,0.06,0,101,62,359000
"Eindhoven (NL)","Semiconductor",292,0.51,0.36,21,166,2.55,0.25,154,404.96,15.8,0.85,101,62,359000
"El Djaza<ef>r (DZ)","Automotive",0,0,0,715,26,1.11,0.06,216,0,0,0,382,326,2768000
"El Djaza<ef>r (DZ)","Energy",0,0,0,715,279,6.51,0.35,216,0,0,0,382,326,2768000
"El Djaza<ef>r (DZ)","Finance",0,0,0,715,40,1.78,0.1,216,0,0,0,382,326,2768000
"El Djaza<ef>r (DZ)","Healthcare",0,0,0,715,137,0.95,0.05,216,0,0,0,382,326,2768000
"El Djaza<ef>r (DZ)","Semiconductor",0,0,0,715,20,0.55,0.03,216,0,0,0,382,326,2768000
"F<e8>s (MA)","Automotive",0,0,0,861,24,1.56,0.06,268,0,0,0,323,349,1224000
"F<e8>s (MA)","Energy",0,0,0,861,109,3.88,0.14,268,0,0,0,323,349,1224000
"F<e8>s (MA)","Finance",0,0,0,861,37,2.52,0.09,268,0,0,0,323,349,1224000
"F<e8>s (MA)","Healthcare",0,0,0,861,104,1.1,0.04,268,0.2,10.1,0,323,349,1224000
"F<e8>s (MA)","Semiconductor",0,0,0,861,18,0.75,0.03,268,0,0,0,323,349,1224000
"Fayetteville-Springdale (US)","Automotive",3,6.55,0.05,387,11,0.64,0.03,396,0,0,0,239,268,504000
"Fayetteville-Springdale (US)","Energy",0,0,0,387,20,0.64,0.03,396,0,0,0,239,268,504000
"Fayetteville-Springdale (US)","Finance",1,1.59,0.01,387,20,1.22,0.05,396,98,7.3,0.22,239,268,504000
"Fayetteville-Springdale (US)","Healthcare",1,1.43,0.01,387,105,1,0.04,396,0,0,0,239,268,504000
"Fayetteville-Springdale (US)","Semiconductor",4,0.64,0,387,32,1.2,0.05,396,0,0,0,239,268,504000
"Firenze (IT)","Automotive",1,0.34,0.02,189,21,0.39,0.05,283,0,0,0,319,207,708000
"Firenze (IT)","Energy",1,0.72,0.04,189,51,0.52,0.06,283,0,0,0,319,207,708000
"Firenze (IT)","Finance",6,1.49,0.07,189,12,0.24,0.03,283,0.3,2.96,0,319,207,708000
"Firenze (IT)","Healthcare",1,0.22,0.01,189,160,0.49,0.06,283,0,0,0,319,207,708000
"Firenze (IT)","Semiconductor",16,0.4,0.02,189,99,1.19,0.15,283,0,0,0,319,207,708000
"Flint (US)","Automotive",0,0,0,570,0,0,0,961,0.61,3.4,0,331,404,345000
"Flint (US)","Energy",0,0,0,570,3,0.25,0,961,0,0,0,331,404,345000
"Flint (US)","Finance",0,0,0,570,3,0.47,0.01,961,0.61,4.94,0,331,404,345000
"Flint (US)","Healthcare",0,0,0,570,30,0.73,0.01,961,0,0,0,331,404,345000
"Flint (US)","Semiconductor",0,0,0,570,0,0,0,961,0,0,0,331,404,345000
"Florian<f3>polis (BR)","Automotive",0,0,0,553,13,0.35,0.03,336,0,0,0,312,311,1239000
"Florian<f3>polis (BR)","Energy",0,0,0,553,93,1.36,0.12,336,0,0,0,312,311,1239000
"Florian<f3>polis (BR)","Finance",2,4.28,0.02,553,22,0.61,0.05,336,0.17,2.54,0,312,311,1239000
"Florian<f3>polis (BR)","Healthcare",1,1.92,0.01,553,62,0.27,0.02,336,0.98,15,0,312,311,1239000
"Florian<f3>polis (BR)","Semiconductor",2,0.43,0,553,23,0.39,0.03,336,0,0,0,312,311,1239000
"Fort Collins (US)","Automotive",7,1.43,0.12,178,17,0.6,0.04,302,0,0,0,361,222,337000
"Fort Collins (US)","Energy",0,0,0,178,51,0.98,0.06,302,43,43,0.44,361,222,337000
"Fort Collins (US)","Finance",7,1.04,0.08,178,19,0.7,0.05,302,0,0,0,361,222,337000
"Fort Collins (US)","Healthcare",3,0.4,0.03,178,98,0.56,0.04,302,0,0,0,361,222,337000
"Fort Collins (US)","Semiconductor",119,1.77,0.15,178,75,1.69,0.11,302,0,0,0,361,222,337000
"Fort Wayne (US)","Automotive",1,1.81,0.02,483,5,0.61,0.01,752,0,0,0,358,369,340000
"Fort Wayne (US)","Energy",0,0,0,483,7,0.47,0.01,752,0,0,0,358,369,340000
"Fort Wayne (US)","Finance",0,0,0,483,1,0.13,0,752,0,0,0,358,369,340000
"Fort Wayne (US)","Healthcare",0,0,0,483,67,1.32,0.03,752,0,0,0,358,369,340000
"Fort Wayne (US)","Semiconductor",1,0.13,0,483,4,0.31,0.01,752,0,0,0,358,369,340000
"Frankfurt am Main (DE)","Automotive",23,0.8,0.38,68,56,0.51,0.13,108,23.36,2.06,0.04,84,58,777000
"Frankfurt am Main (DE)","Energy",2,0.15,0.07,68,92,0.46,0.12,108,0,0,0,84,58,777000
"Frankfurt am Main (DE)","Finance",7,0.18,0.08,68,48,0.46,0.12,108,45.74,5.86,0.1,84,58,777000
"Frankfurt am Main (DE)","Healthcare",24,0.55,0.26,68,529,0.78,0.2,108,28.56,3.74,0.07,84,58,777000
"Frankfurt am Main (DE)","Semiconductor",94,0.24,0.11,68,222,1.29,0.33,108,0,0,0,84,58,777000
"Fuzhou, Fujian (CN)","Automotive",0,0,0,243,173,1.47,0.4,62,0,0,0,122,107,3686000
"Fuzhou, Fujian (CN)","Energy",0,0,0,243,228,1.06,0.29,62,0,0,0,122,107,3686000
"Fuzhou, Fujian (CN)","Finance",1,0.36,0.01,243,70,0.62,0.17,62,4.14,0.75,0.01,122,107,3686000
"Fuzhou, Fujian (CN)","Healthcare",1,0.33,0.01,243,713,0.98,0.27,62,2.55,0.47,0.01,122,107,3686000
"Fuzhou, Fujian (CN)","Semiconductor",24,0.87,0.03,243,172,0.93,0.25,62,68.81,11.61,0.14,122,107,3686000
"G<f6>teborg (SE)","Automotive",10,0.83,0.17,109,46,0.87,0.11,257,0.25,0.67,0,119,118,611000
"G<f6>teborg (SE)","Energy",6,1.05,0.21,109,38,0.39,0.05,257,2.2,39.47,0.02,119,118,611000
"G<f6>teborg (SE)","Finance",4,0.24,0.05,109,11,0.22,0.03,257,1.77,6.93,0,119,118,611000
"G<f6>teborg (SE)","Healthcare",7,0.38,0.08,109,205,0.63,0.08,257,0.61,2.44,0,119,118,611000
"G<f6>teborg (SE)","Semiconductor",67,0.41,0.08,109,143,1.73,0.21,257,0,0,0,119,118,611000
"Gaoxiong (TW)","Automotive",0,0,0,372,27,0.74,0.06,228,0,0,0,310,236,1538000
"Gaoxiong (TW)","Energy",0,0,0,372,33,0.49,0.04,228,0,0,0,310,236,1538000
"Gaoxiong (TW)","Finance",0,0,0,372,53,1.51,0.13,228,0,0,0,310,236,1538000
"Gaoxiong (TW)","Healthcare",0,0,0,372,225,1,0.08,228,0.16,0.27,0,310,236,1538000
"Gaoxiong (TW)","Semiconductor",5,0.28,0.01,372,43,0.75,0.06,228,0,0,0,310,236,1538000
"Gaziantep (TR)","Automotive",0,0,0,801,1,0.08,0,699,0,0,0,349,403,1704000
"Gaziantep (TR)","Energy",0,0,0,801,20,0.84,0.03,699,0,0,0,349,403,1704000
"Gaziantep (TR)","Finance",1,6.54,0.01,801,9,0.72,0.02,699,0,0,0,349,403,1704000
"Gaziantep (TR)","Healthcare",0,0,0,801,59,0.74,0.02,699,0,0,0,349,403,1704000
"Gaziantep (TR)","Semiconductor",1,0.66,0,801,2,0.1,0,699,0.03,1.35,0,349,403,1704000
"Gda?sk (PL)","Automotive",1,1.16,0.02,270,8,0.28,0.02,428,1,1.81,0,243,241,465000
"Gda?sk (PL)","Energy",0,0,0,270,24,0.45,0.03,428,1.8,21.66,0.02,243,241,465000
"Gda?sk (PL)","Finance",0,0,0,270,15,0.54,0.04,428,0,0,0,243,241,465000
"Gda?sk (PL)","Healthcare",2,1.52,0.02,270,112,0.63,0.04,428,1.93,5.18,0,243,241,465000
"Gda?sk (PL)","Semiconductor",18,1.53,0.02,270,28,0.62,0.04,428,0,0,0,243,241,465000
"Gebze (TR)","Automotive",0,0,0,887,9,0.94,0.02,495,0,0,0,352,392,745000
"Gebze (TR)","Energy",0,0,0,887,29,1.66,0.04,495,0,0,0,352,392,745000
"Gebze (TR)","Finance",0,0,0,887,15,1.64,0.04,495,0,0,0,352,392,745000
"Gebze (TR)","Healthcare",0,0,0,887,41,0.69,0.02,495,0,0,0,352,392,745000
"Gebze (TR)","Semiconductor",0,0,0,887,14,0.94,0.02,495,0,0,0,352,392,745000
"Gen<e8>ve (CH)","Automotive",1,0.25,0.02,233,20,0.34,0.05,279,0,0,0,219,187,613000
"Gen<e8>ve (CH)","Energy",2,1.05,0.07,233,50,0.46,0.06,279,0.33,0.07,0,219,187,613000
"Gen<e8>ve (CH)","Finance",0,0,0,233,8,0.14,0.02,279,1.2,0.05,0,219,187,613000
"Gen<e8>ve (CH)","Healthcare",1,0.16,0.01,233,298,0.82,0.11,279,12.23,0.56,0.03,219,187,613000
"Gen<e8>ve (CH)","Semiconductor",16,0.29,0.02,233,109,1.18,0.16,279,0,0,0,219,187,613000
"Genova (IT)","Automotive",0,0,0,379,32,0.85,0.07,287,0,0,0,292,247,680000
"Genova (IT)","Energy",0,0,0,379,59,0.85,0.07,287,0,0,0,292,247,680000
"Genova (IT)","Finance",3,0.67,0.04,379,8,0.22,0.02,287,1.23,0.29,0,292,247,680000
"Genova (IT)","Healthcare",0,0,0,379,153,0.66,0.06,287,0,0,0,292,247,680000
"Genova (IT)","Semiconductor",20,0.45,0.02,379,100,1.69,0.15,287,0,0,0,292,247,680000
"Gent (BE)","Automotive",3,0.62,0.05,207,16,0.3,0.04,244,10.57,0.26,0.02,109,140,466000
"Gent (BE)","Energy",0,0,0,207,32,0.32,0.04,244,0,0,0,109,140,466000
"Gent (BE)","Finance",3,0.45,0.04,207,37,0.71,0.09,244,34.9,1.27,0.08,109,140,466000
"Gent (BE)","Healthcare",5,0.68,0.05,207,203,0.61,0.08,244,8,0.3,0.02,109,140,466000
"Gent (BE)","Semiconductor",16,0.24,0.02,207,131,1.55,0.19,244,0,0,0,109,140,466000
"Glasgow (GB)","Automotive",1,0.45,0.02,214,62,0.86,0.14,101,0,0,0,110,105,1673000
"Glasgow (GB)","Energy",0,0,0,214,112,0.85,0.14,101,0,0,0,110,105,1673000
"Glasgow (GB)","Finance",4,1.3,0.05,214,55,0.8,0.13,101,2.29,0.2,0.01,110,105,1673000
"Glasgow (GB)","Healthcare",4,1.17,0.04,214,440,0.99,0.16,101,28.86,2.56,0.07,110,105,1673000
"Glasgow (GB)","Semiconductor",18,0.59,0.02,214,234,2.08,0.35,101,0,0,0,110,105,1673000
"Goi<e2>nia (BR)","Automotive",0,0,0,526,4,0.2,0.01,567,0,0,0,316,343,2690000
"Goi<e2>nia (BR)","Energy",0,0,0,526,19,0.52,0.02,567,0,0,0,316,343,2690000
"Goi<e2>nia (BR)","Finance",0,0,0,526,11,0.58,0.03,567,0,0,0,316,343,2690000
"Goi<e2>nia (BR)","Healthcare",2,16.67,0.02,526,44,0.36,0.02,567,0,0,0,316,343,2690000
"Goi<e2>nia (BR)","Semiconductor",2,1.86,0,526,13,0.42,0.02,567,0,0,0,316,343,2690000
"Gold Coast-Tweed Head (AU)","Automotive",0,0,0,448,0,0,0,1068,0,0,0,332,402,699000
"Gold Coast-Tweed Head (AU)","Energy",0,0,0,448,1,0.08,0,1068,0,0,0,332,402,699000
"Gold Coast-Tweed Head (AU)","Finance",0,0,0,448,5,0.78,0.01,1068,0.18,0.5,0,332,402,699000
"Gold Coast-Tweed Head (AU)","Healthcare",1,3.92,0.01,448,26,0.63,0.01,1068,0,0,0,332,402,699000
"Gold Coast-Tweed Head (AU)","Semiconductor",1,0.44,0,448,0,0,0,1068,0,0,0,332,402,699000
"Gorgan (IR)","Automotive",0,0,0,588,0,0,0,928,0,0,0,430,411,368000
"Gorgan (IR)","Energy",0,0,0,588,13,1.07,0.02,928,0,0,0,430,411,368000
"Gorgan (IR)","Finance",0,0,0,588,4,0.63,0.01,928,0,0,0,430,411,368000
"Gorgan (IR)","Healthcare",0,0,0,588,15,0.37,0.01,928,0.02,20.2,0,430,411,368000
"Gorgan (IR)","Semiconductor",0,0,0,588,0,0,0,928,0,0,0,430,411,368000
"Grand Rapids (US)","Automotive",14,5.07,0.23,137,1,0.11,0,724,0,0,0,309,302,599000
"Grand Rapids (US)","Energy",1,0.76,0.04,137,11,0.69,0.01,724,3.75,46.87,0.04,309,302,599000
"Grand Rapids (US)","Finance",4,1.05,0.05,137,4,0.48,0.01,724,0,0,0,309,302,599000
"Grand Rapids (US)","Healthcare",7,1.66,0.08,137,40,0.74,0.01,724,0,0,0,309,302,599000
"Grand Rapids (US)","Semiconductor",22,0.58,0.03,137,9,0.66,0.01,724,0,0,0,309,302,599000
"Greensboro (US)","Automotive",13,2.33,0.22,66,16,1.17,0.04,419,0,0,0,316,209,361000
"Greensboro (US)","Energy",16,6.02,0.56,66,26,1.04,0.03,419,0,0,0,316,209,361000
"Greensboro (US)","Finance",17,2.21,0.21,66,15,1.15,0.04,419,0.2,7.32,0,316,209,361000
"Greensboro (US)","Healthcare",12,1.41,0.13,66,92,1.09,0.03,419,0,0,0,316,209,361000
"Greensboro (US)","Semiconductor",53,0.69,0.06,66,18,0.84,0.03,419,0.2,6.84,0,316,209,361000
"Greenville (US)","Automotive",1,1.42,0.02,323,0,0,0,945,0,0,0,409,385,529000
"Greenville (US)","Energy",1,2.98,0.04,323,3,0.3,0,945,0,0,0,409,385,529000
"Greenville (US)","Finance",0,0,0,323,5,0.94,0.01,945,0,0,0,409,385,529000
"Greenville (US)","Healthcare",2,1.85,0.02,323,26,0.76,0.01,945,0,0,0,409,385,529000
"Greenville (US)","Semiconductor",3,0.31,0,323,1,0.12,0,945,0,0,0,409,385,529000
"Grenoble (FR)","Automotive",8,1.02,0.13,95,26,0.44,0.06,192,0.12,0.02,0,132,104,528000
"Grenoble (FR)","Energy",4,1.07,0.14,95,127,1.18,0.16,192,16.83,22.58,0.17,132,104,528000
"Grenoble (FR)","Finance",6,0.55,0.07,95,17,0.3,0.04,192,0,0,0,132,104,528000
"Grenoble (FR)","Healthcare",21,1.75,0.23,95,182,0.5,0.07,192,0.52,0.16,0,132,104,528000
"Grenoble (FR)","Semiconductor",51,0.47,0.06,95,279,3.02,0.41,192,21.81,5.96,0.05,132,104,528000
"Guadalajara (MX)","Automotive",0,0,0,409,8,0.46,0.02,555,0,0,0,304,318,5179000
"Guadalajara (MX)","Energy",1,2.29,0.04,409,28,0.88,0.04,555,0,0,0,304,318,5179000
"Guadalajara (MX)","Finance",0,0,0,409,3,0.18,0.01,555,0,0,0,304,318,5179000
"Guadalajara (MX)","Healthcare",0,0,0,409,62,0.58,0.02,555,1.02,6.78,0,304,318,5179000
"Guadalajara (MX)","Semiconductor",6,0.48,0.01,409,14,0.52,0.02,555,0,0,0,304,318,5179000
"Guangzhou (CN)","Automotive",40,0.95,0.67,25,751,1.71,1.74,4,0,0,0,146,36,13302000
"Guangzhou (CN)","Energy",26,1.3,0.91,25,1080,1.35,1.36,4,0,0,0,146,36,13302000
"Guangzhou (CN)","Finance",31,0.54,0.38,25,444,1.06,1.07,4,0,0,0,146,36,13302000
"Guangzhou (CN)","Healthcare",30,0.47,0.33,25,2921,1.08,1.09,4,456.54,16.72,1.05,146,36,13302000
"Guangzhou (CN)","Semiconductor",667,1.16,0.81,25,738,1.08,1.09,4,0,0,0,146,36,13302000
"Guwahati (IN)","Automotive",0,0,0,690,19,0.75,0.04,265,0,0,0,452,342,1117000
"Guwahati (IN)","Energy",0,0,0,690,44,0.95,0.06,265,0,0,0,452,342,1117000
"Guwahati (IN)","Finance",0,0,0,690,24,0.99,0.06,265,0,0,0,452,342,1117000
"Guwahati (IN)","Healthcare",0,0,0,690,168,1.07,0.06,265,0,0,0,452,342,1117000
"Guwahati (IN)","Semiconductor",2,1.4,0,690,60,1.51,0.09,265,0,0,0,452,342,1117000
"Gwangju (KR)","Automotive",15,1.18,0.25,35,47,1.44,0.11,242,0,0,0,324,151,1522000
"Gwangju (KR)","Energy",12,1.99,0.42,35,69,1.15,0.09,242,0,0,0,324,151,1522000
"Gwangju (KR)","Finance",35,2.01,0.42,35,16,0.51,0.04,242,0,0,0,324,151,1522000
"Gwangju (KR)","Healthcare",42,2.17,0.46,35,171,0.85,0.06,242,0,0,0,324,151,1522000
"Gwangju (KR)","Semiconductor",97,0.56,0.12,35,48,0.94,0.07,242,0,0,0,324,151,1522000
"Haikou (CN)","Automotive",0,0,0,1138,73,1.42,0.17,159,0,0,0,338,373,1889000
"Haikou (CN)","Energy",0,0,0,1138,72,0.77,0.09,159,0,0,0,338,373,1889000
"Haikou (CN)","Finance",0,0,0,1138,46,0.94,0.11,159,0.42,2.82,0,338,373,1889000
"Haikou (CN)","Healthcare",0,0,0,1138,319,1.01,0.12,159,0,0,0,338,373,1889000
"Haikou (CN)","Semiconductor",0,0,0,1138,44,0.55,0.07,159,0,0,0,338,373,1889000
"Haldwani-cum-kathgodam (IN)","Automotive",0,0,0,968,4,0.5,0.01,588,0,0,0,187,394,329000
"Haldwani-cum-kathgodam (IN)","Energy",0,0,0,968,33,2.24,0.04,588,0,0,0,187,394,329000
"Haldwani-cum-kathgodam (IN)","Finance",0,0,0,968,14,1.81,0.03,588,0,0,0,187,394,329000
"Haldwani-cum-kathgodam (IN)","Healthcare",0,0,0,968,49,0.99,0.02,588,0,0,0,187,394,329000
"Haldwani-cum-kathgodam (IN)","Semiconductor",0,0,0,968,2,0.16,0,588,0,0,0,187,394,329000
"Halifax (CA)","Automotive",0,0,0,220,11,0.4,0.03,394,0,0,0,351,251,413000
"Halifax (CA)","Energy",2,3.31,0.07,220,25,0.5,0.03,394,0,0,0,351,251,413000
"Halifax (CA)","Finance",1,0.57,0.01,220,18,0.68,0.04,394,0,0,0,351,251,413000
"Halifax (CA)","Healthcare",5,2.58,0.05,220,127,0.75,0.05,394,5,20.2,0.01,351,251,413000
"Halifax (CA)","Semiconductor",15,0.86,0.02,220,22,0.51,0.03,394,0,0,0,351,251,413000
"Hamburg (DE)","Automotive",11,0.98,0.18,119,23,0.3,0.05,189,0,0,0,57,87,1790000
"Hamburg (DE)","Energy",2,0.37,0.07,119,61,0.43,0.08,189,9.56,4.23,0.1,57,87,1790000
"Hamburg (DE)","Finance",5,0.32,0.06,119,30,0.41,0.07,189,45.82,4.42,0.1,57,87,1790000
"Hamburg (DE)","Healthcare",7,0.41,0.08,119,293,0.61,0.11,189,51.92,5.12,0.12,57,87,1790000
"Hamburg (DE)","Semiconductor",46,0.3,0.06,119,119,0.98,0.18,189,5.48,0.49,0.01,57,87,1790000
"Hamilton (CA)","Automotive",6,1.48,0.1,122,21,0.55,0.05,360,0,0,0,178,168,767000
"Hamilton (CA)","Energy",1,0.52,0.04,122,17,0.24,0.02,360,0,0,0,178,168,767000
"Hamilton (CA)","Finance",8,1.44,0.1,122,16,0.43,0.04,360,7.85,16.93,0.02,178,168,767000
"Hamilton (CA)","Healthcare",12,1.94,0.13,122,190,0.8,0.07,360,0.37,0.82,0,178,168,767000
"Hamilton (CA)","Semiconductor",36,0.65,0.04,122,29,0.48,0.04,360,0,0,0,178,168,767000
"Hangzhou (CN)","Automotive",91,1.54,1.52,20,843,2.53,1.95,6,129.67,0.19,0.2,56,16,7642000
"Hangzhou (CN)","Energy",6,0.21,0.21,20,740,1.21,0.93,6,0,0,0,56,16,7642000
"Hangzhou (CN)","Finance",114,1.4,1.38,20,348,1.09,0.84,6,1.59,0,0,56,16,7642000
"Hangzhou (CN)","Healthcare",62,0.69,0.68,20,2529,1.23,0.95,6,148.88,0.33,0.34,56,16,7642000
"Hangzhou (CN)","Semiconductor",1895,2.34,2.31,20,1029,1.97,1.52,6,243.63,0.49,0.51,56,16,7642000
"Hannover (DE)","Automotive",48,4.36,0.8,156,29,0.69,0.07,241,0,0,0,411,211,537000
"Hannover (DE)","Energy",1,0.19,0.04,156,47,0.61,0.06,241,0,0,0,411,211,537000
"Hannover (DE)","Finance",2,0.13,0.02,156,23,0.57,0.06,241,0.38,1.3,0,411,211,537000
"Hannover (DE)","Healthcare",1,0.06,0.01,156,187,0.72,0.07,241,0,0,0,411,211,537000
"Hannover (DE)","Semiconductor",55,0.36,0.07,156,72,1.09,0.11,241,0,0,0,411,211,537000
"Hanoi (VN)","Automotive",1,1.91,0.02,454,75,1.08,0.17,102,0,0,0,141,177,4678000
"Hanoi (VN)","Energy",0,0,0,454,163,1.28,0.21,102,0.2,0.19,0,141,177,4678000
"Hanoi (VN)","Finance",0,0,0,454,80,1.2,0.19,102,86.7,17.74,0.19,141,177,4678000
"Hanoi (VN)","Healthcare",0,0,0,454,434,1.01,0.16,102,0,0,0,141,177,4678000
"Hanoi (VN)","Semiconductor",15,2.09,0.02,454,69,0.63,0.1,102,0,0,0,141,177,4678000
"Harbin (CN)","Automotive",1,0.51,0.02,229,399,2.16,0.92,28,0,0,0,198,114,6387000
"Harbin (CN)","Energy",1,1.07,0.04,229,479,1.42,0.61,28,0,0,0,198,114,6387000
"Harbin (CN)","Finance",1,0.37,0.01,229,183,1.04,0.44,28,0,0,0,198,114,6387000
"Harbin (CN)","Healthcare",0,0,0,229,1214,1.07,0.46,28,0,0,0,198,114,6387000
"Harbin (CN)","Semiconductor",40,1.48,0.05,229,399,1.38,0.59,28,0,0,0,198,114,6387000
"Harrisburg (US)","Automotive",1,0.83,0.02,435,4,0.24,0.01,725,0,0,0,414,363,542000
"Harrisburg (US)","Energy",0,0,0,435,5,0.17,0.01,725,0,0,0,414,363,542000
"Harrisburg (US)","Finance",0,0,0,435,5,0.32,0.01,725,0,0,0,414,363,542000
"Harrisburg (US)","Healthcare",0,0,0,435,76,0.75,0.03,725,0,0,0,414,363,542000
"Harrisburg (US)","Semiconductor",6,0.36,0.01,435,2,0.08,0,725,0,0,0,414,363,542000
"Hartford (US)","Automotive",1,0.36,0.02,234,22,0.6,0.05,248,0,0,0,202,173,999000
"Hartford (US)","Energy",1,0.76,0.04,234,40,0.59,0.05,248,0,0,0,202,173,999000
"Hartford (US)","Finance",1,0.26,0.01,234,30,0.85,0.07,248,17.19,6.64,0.04,202,173,999000
"Hartford (US)","Healthcare",4,0.95,0.04,234,182,0.8,0.07,248,0,0,0,202,173,999000
"Hartford (US)","Semiconductor",12,0.32,0.01,234,82,1.42,0.12,248,0,0,0,202,173,999000
"Hefa (IL)","Automotive",21,1.76,0.35,53,19,0.49,0.04,229,38.75,1.28,0.06,43,77,1147000
"Hefa (IL)","Energy",4,0.7,0.14,53,47,0.66,0.06,229,8,1.77,0.08,43,77,1147000
"Hefa (IL)","Finance",13,0.79,0.16,53,21,0.56,0.05,229,6,0.29,0.01,43,77,1147000
"Hefa (IL)","Healthcare",43,2.35,0.47,53,225,0.94,0.08,229,21.29,1.05,0.05,43,77,1147000
"Hefa (IL)","Semiconductor",144,0.88,0.18,53,149,2.45,0.22,229,190,8.55,0.4,43,77,1147000
"Hefei (CN)","Automotive",12,0.6,0.2,70,509,2.67,1.18,21,0,0,0,143,52,4242000
"Hefei (CN)","Energy",2,0.21,0.07,70,471,1.35,0.6,21,0,0,0,143,52,4242000
"Hefei (CN)","Finance",11,0.4,0.13,70,220,1.2,0.53,21,0,0,0,143,52,4242000
"Hefei (CN)","Healthcare",8,0.26,0.09,70,1503,1.28,0.56,21,0,0,0,143,52,4242000
"Hefei (CN)","Semiconductor",309,1.12,0.38,70,899,3.01,1.33,21,217.53,2.34,0.46,143,52,4242000
"Helsinki (FI)","Automotive",16,0.64,0.27,42,54,0.62,0.12,120,11.45,0.16,0.02,52,46,1305000
"Helsinki (FI)","Energy",10,0.84,0.35,42,110,0.69,0.14,120,14.12,1.35,0.15,52,46,1305000
"Helsinki (FI)","Finance",14,0.4,0.17,42,36,0.43,0.09,120,50.89,1.06,0.11,52,46,1305000
"Helsinki (FI)","Healthcare",25,0.65,0.27,42,443,0.82,0.17,120,24.02,0.51,0.06,52,46,1305000
"Helsinki (FI)","Semiconductor",215,0.62,0.26,42,191,1.4,0.28,120,0,0,0,52,46,1305000
"Hermosillo (MX)","Automotive",0,0,0,716,0,0,0,995,0,0,0,401,432,868000
"Hermosillo (MX)","Energy",0,0,0,716,7,0.61,0.01,995,0,0,0,401,432,868000
"Hermosillo (MX)","Finance",0,0,0,716,2,0.33,0,995,0.3,19.76,0,401,432,868000
"Hermosillo (MX)","Healthcare",0,0,0,716,3,0.08,0,995,0,0,0,401,432,868000
"Hermosillo (MX)","Semiconductor",1,2.23,0,716,1,0.1,0,995,0,0,0,401,432,868000
"Hisar (IN)","Automotive",0,0,0,316,4,0.53,0.01,690,0,0,0,285,323,354000
"Hisar (IN)","Energy",1,8.24,0.04,316,28,2.04,0.04,690,0,0,0,285,323,354000
"Hisar (IN)","Finance",2,5.7,0.02,316,7,0.97,0.02,690,81,6.22,0.18,285,323,354000
"Hisar (IN)","Healthcare",1,2.56,0.01,316,26,0.56,0.01,690,0,0,0,285,323,354000
"Hisar (IN)","Semiconductor",5,1.43,0.01,316,3,0.26,0,690,0,0,0,285,323,354000
"Ho Chi Minh City (VN)","Automotive",0,0,0,213,63,1.16,0.15,117,0,0,0,173,120,10028000
"Ho Chi Minh City (VN)","Energy",1,3.35,0.04,213,109,1.1,0.14,117,0,0,0,173,120,10028000
"Ho Chi Minh City (VN)","Finance",3,3.48,0.04,213,122,2.35,0.29,117,1.04,0.94,0,173,120,10028000
"Ho Chi Minh City (VN)","Healthcare",3,3.13,0.03,213,488,1.46,0.18,117,0.22,0.2,0,173,120,10028000
"Ho Chi Minh City (VN)","Semiconductor",14,1.63,0.02,213,43,0.51,0.06,117,0,0,0,173,120,10028000
"Hong Kong (HK)","Automotive",13,1.36,0.22,87,776,3.04,1.79,13,1.2,0.01,0,22,23,7548000
"Hong Kong (HK)","Energy",1,0.22,0.04,87,491,1.05,0.62,13,8.83,0.4,0.09,22,23,7548000
"Hong Kong (HK)","Finance",12,0.91,0.15,87,345,1.41,0.83,13,500.16,4.91,1.12,22,23,7548000
"Hong Kong (HK)","Healthcare",11,0.75,0.12,87,2325,1.47,0.87,13,386.29,3.87,0.89,22,23,7548000
"Hong Kong (HK)","Semiconductor",86,0.66,0.1,87,801,2,1.18,13,250,2.29,0.52,22,23,7548000
"Honolulu (US)","Automotive",0,0,0,402,4,0.19,0.01,603,0,0,0,170,304,892000
"Honolulu (US)","Energy",0,0,0,402,26,0.66,0.03,603,0,0,0,170,304,892000
"Honolulu (US)","Finance",2,2.34,0.02,402,3,0.15,0.01,603,0,0,0,170,304,892000
"Honolulu (US)","Healthcare",0,0,0,402,74,0.56,0.03,603,0,0,0,170,304,892000
"Honolulu (US)","Semiconductor",5,0.59,0.01,402,8,0.24,0.01,603,0,0,0,170,304,892000
"Houston (US)","Automotive",11,0.25,0.18,26,75,0.52,0.17,82,0.25,0.01,0,46,32,6371000
"Houston (US)","Energy",228,10.93,8,26,226,0.86,0.29,82,112.25,22.54,1.16,46,32,6371000
"Houston (US)","Finance",52,0.86,0.63,26,45,0.33,0.11,82,9.1,0.4,0.02,46,32,6371000
"Houston (US)","Healthcare",79,1.18,0.86,26,881,0.99,0.33,82,196.14,8.78,0.45,46,32,6371000
"Houston (US)","Semiconductor",236,0.39,0.29,26,132,0.58,0.2,82,0.63,0.03,0,46,32,6371000
"Huntsville (US)","Automotive",0,0,0,315,7,0.72,0.02,455,0,0,0,259,270,384000
"Huntsville (US)","Energy",2,6.39,0.07,315,55,3.11,0.07,455,0,0,0,259,270,384000
"Huntsville (US)","Finance",1,1.11,0.01,315,9,0.97,0.02,455,0,0,0,259,270,384000
"Huntsville (US)","Healthcare",5,4.98,0.05,315,53,0.89,0.02,455,0,0,0,259,270,384000
"Huntsville (US)","Semiconductor",8,0.89,0.01,315,23,1.52,0.03,455,0,0,0,259,270,384000
"Huzhou (CN)","Automotive",0,0,0,273,30,1.82,0.07,339,0,0,0,385,260,988000
"Huzhou (CN)","Energy",0,0,0,273,24,0.8,0.03,339,0,0,0,385,260,988000
"Huzhou (CN)","Finance",2,0.44,0.02,273,20,1.27,0.05,339,0,0,0,385,260,988000
"Huzhou (CN)","Healthcare",0,0,0,273,115,1.13,0.04,339,0,0,0,385,260,988000
"Huzhou (CN)","Semiconductor",14,0.31,0.02,273,32,1.24,0.05,339,0,0,0,385,260,988000
"Hyderabad (IN)","Automotive",8,1.14,0.13,72,115,1.41,0.27,53,0,0,0,384,124,10004000
"Hyderabad (IN)","Energy",5,1.5,0.18,72,240,1.61,0.3,53,0,0,0,384,124,10004000
"Hyderabad (IN)","Finance",27,2.8,0.33,72,216,2.77,0.52,53,0.65,19.17,0,384,124,10004000
"Hyderabad (IN)","Healthcare",8,0.75,0.09,72,1040,2.07,0.39,53,0,0,0,384,124,10004000
"Hyderabad (IN)","Semiconductor",81,0.84,0.1,72,125,0.98,0.18,53,0,0,0,384,124,10004000
"Incheon (KR)","Automotive",51,0.98,0.85,15,53,1.46,0.12,226,0,0,0,128,88,2801000
"Incheon (KR)","Energy",29,1.17,1.02,15,38,0.57,0.05,226,0.32,0.53,0,128,88,2801000
"Incheon (KR)","Finance",116,1.62,1.41,15,25,0.72,0.06,226,2.15,0.78,0,128,88,2801000
"Incheon (KR)","Healthcare",152,1.91,1.66,15,237,1.06,0.09,226,2.38,0.88,0.01,128,88,2801000
"Incheon (KR)","Semiconductor",371,0.52,0.45,15,48,0.84,0.07,226,1.15,0.39,0,128,88,2801000
"Indianapolis (US)","Automotive",8,0.85,0.13,103,14,0.3,0.03,390,0,0,0,112,153,1807000
"Indianapolis (US)","Energy",2,0.45,0.07,103,14,0.16,0.02,390,0,0,0,112,153,1807000
"Indianapolis (US)","Finance",7,0.54,0.08,103,22,0.49,0.05,390,8.8,1.9,0.02,112,153,1807000
"Indianapolis (US)","Healthcare",18,1.25,0.2,103,305,1.06,0.11,390,16.05,3.54,0.04,112,153,1807000
"Indianapolis (US)","Semiconductor",48,0.37,0.06,103,9,0.12,0.01,390,0,0,0,112,153,1807000
"Indore (IN)","Automotive",0,0,0,195,14,0.76,0.03,293,0,0,0,337,216,3017000
"Indore (IN)","Energy",0,0,0,195,30,0.89,0.04,293,0,0,0,337,216,3017000
"Indore (IN)","Finance",14,4.49,0.17,195,37,2.1,0.09,293,5.2,19.03,0.01,337,216,3017000
"Indore (IN)","Healthcare",3,0.86,0.03,195,162,1.43,0.06,293,0,0,0,337,216,3017000
"Indore (IN)","Semiconductor",53,1.71,0.06,195,54,1.87,0.08,293,0,0,0,337,216,3017000
"Islamabad (PK)","Automotive",0,0,0,785,148,1.66,0.34,56,0,0,0,314,297,1129000
"Islamabad (PK)","Energy",0,0,0,785,301,1.84,0.38,56,0,0,0,314,297,1129000
"Islamabad (PK)","Finance",0,0,0,785,213,2.49,0.51,56,0.01,0.18,0,314,297,1129000
"Islamabad (PK)","Healthcare",0,0,0,785,1142,2.07,0.43,56,0,0,0,314,297,1129000
"Islamabad (PK)","Semiconductor",1,0.57,0,785,92,0.66,0.14,56,0,0,0,314,297,1129000
"Istanbul (TR)","Automotive",12,0.91,0.2,54,99,0.48,0.23,38,1.6,0.26,0,67,33,15190000
"Istanbul (TR)","Energy",4,0.63,0.14,54,382,1.02,0.48,38,2.45,2.62,0.03,67,33,15190000
"Istanbul (TR)","Finance",48,2.63,0.58,54,249,1.27,0.6,38,15.39,3.59,0.03,67,33,15190000
"Istanbul (TR)","Healthcare",19,0.94,0.21,54,1151,0.91,0.43,38,5.15,1.23,0.01,67,33,15190000
"Istanbul (TR)","Semiconductor",126,0.69,0.15,54,160,0.5,0.24,38,0.35,0.08,0,67,33,15190000
"Izmir (TR)","Automotive",2,1.35,0.03,238,15,0.3,0.03,259,0,0,0,218,183,2993000
"Izmir (TR)","Energy",0,0,0,238,69,0.76,0.09,259,1.13,8.94,0.01,218,183,2993000
"Izmir (TR)","Finance",4,1.96,0.05,238,39,0.82,0.09,259,0.2,0.35,0,218,183,2993000
"Izmir (TR)","Healthcare",2,0.88,0.02,238,235,0.77,0.09,259,0.07,0.12,0,218,183,2993000
"Izmir (TR)","Semiconductor",11,0.54,0.01,238,18,0.23,0.03,259,0,0,0,218,183,2993000
"Izmit (TR)","Automotive",0,0,0,1027,4,0.35,0.01,541,0.03,6.8,0,327,408,347000
"Izmit (TR)","Energy",0,0,0,1027,34,1.65,0.04,541,0,0,0,327,408,347000
"Izmit (TR)","Finance",0,0,0,1027,17,1.57,0.04,541,0,0,0,327,408,347000
"Izmit (TR)","Healthcare",0,0,0,1027,76,1.09,0.03,541,0,0,0,327,408,347000
"Izmit (TR)","Semiconductor",0,0,0,1027,3,0.17,0,541,0,0,0,327,408,347000
"Jacksonville, Florida (US)","Automotive",2,0.73,0.03,163,6,0.15,0.01,586,1.5,1.43,0,217,252,1280000
"Jacksonville, Florida (US)","Energy",0,0,0,163,5,0.07,0.01,586,0,0,0,217,252,1280000
"Jacksonville, Florida (US)","Finance",12,3.17,0.15,163,7,0.18,0.02,586,4.35,6.03,0.01,217,252,1280000
"Jacksonville, Florida (US)","Healthcare",6,1.43,0.07,163,390,1.53,0.15,586,2.22,3.14,0.01,217,252,1280000
"Jacksonville, Florida (US)","Semiconductor",40,1.06,0.05,163,3,0.05,0,586,0,0,0,217,252,1280000
"Jaipur (IN)","Automotive",1,1.24,0.02,218,39,1.16,0.09,134,0,0,0,182,131,3909000
"Jaipur (IN)","Energy",0,0,0,218,132,2.14,0.17,134,0,0,0,182,131,3909000
"Jaipur (IN)","Finance",4,3.62,0.05,218,96,2.98,0.23,134,0.38,0.15,0,182,131,3909000
"Jaipur (IN)","Healthcare",1,0.81,0.01,218,450,2.17,0.17,134,0.47,0.19,0,182,131,3909000
"Jaipur (IN)","Semiconductor",14,1.27,0.02,218,40,0.76,0.06,134,0,0,0,182,131,3909000
"Jakarta (ID)","Automotive",0,0,0,304,194,0.48,0.45,71,0,0,0,133,123,20390000
"Jakarta (ID)","Energy",0,0,0,304,284,0.39,0.36,71,0,0,0,133,123,20390000
"Jakarta (ID)","Finance",1,0.93,0.01,304,540,1.41,1.3,71,4.17,5.37,0.01,133,123,20390000
"Jakarta (ID)","Healthcare",1,0.84,0.01,304,2767,1.12,1.04,71,9.27,12.21,0.02,133,123,20390000
"Jakarta (ID)","Semiconductor",4,0.37,0,304,23,0.04,0.03,71,0,0,0,133,123,20390000
"Jeju (KR)","Automotive",4,1.29,0.07,98,14,1.85,0.03,524,0,0,0,359,257,343000
"Jeju (KR)","Energy",5,3.39,0.18,98,28,2.03,0.04,524,0,0,0,359,257,343000
"Jeju (KR)","Finance",21,4.93,0.25,98,11,1.52,0.03,524,0,0,0,359,257,343000
"Jeju (KR)","Healthcare",20,4.22,0.22,98,42,0.9,0.02,524,0.1,0.09,0,359,257,343000
"Jeju (KR)","Semiconductor",32,0.75,0.04,98,5,0.42,0.01,524,0,0,0,359,257,343000
"Jeonju (KR)","Automotive",12,1.87,0.2,173,10,0.39,0.02,467,0,0,0,274,237,663000
"Jeonju (KR)","Energy",0,0,0,173,24,0.51,0.03,467,0,0,0,274,237,663000
"Jeonju (KR)","Finance",8,0.9,0.1,173,12,0.49,0.03,467,1.25,9.88,0,274,237,663000
"Jeonju (KR)","Healthcare",8,0.81,0.09,173,96,0.61,0.04,467,0,0,0,274,237,663000
"Jeonju (KR)","Semiconductor",32,0.36,0.04,173,11,0.27,0.02,467,0,0,0,274,237,663000
"Jerusalem (IL)","Automotive",26,3.64,0.43,85,10,0.25,0.02,381,0,0,0,74,133,932000
"Jerusalem (IL)","Energy",1,0.29,0.04,85,21,0.29,0.03,381,0,0,0,74,133,932000
"Jerusalem (IL)","Finance",10,1.02,0.12,85,10,0.26,0.02,381,39,5.22,0.09,74,133,932000
"Jerusalem (IL)","Healthcare",22,2.01,0.24,85,190,0.77,0.07,381,49.87,6.83,0.11,74,133,932000
"Jerusalem (IL)","Semiconductor",74,0.76,0.09,85,68,1.08,0.1,381,19.7,2.46,0.04,74,133,932000
"Ji'nan, Shandong (CN)","Automotive",6,0.67,0.1,82,400,2.04,0.92,24,0,0,0,271,92,5360000
"Ji'nan, Shandong (CN)","Energy",9,2.13,0.32,82,486,1.35,0.61,24,0,0,0,271,92,5360000
"Ji'nan, Shandong (CN)","Finance",10,0.82,0.12,82,215,1.14,0.52,24,0,0,0,271,92,5360000
"Ji'nan, Shandong (CN)","Healthcare",4,0.29,0.04,82,1385,1.15,0.52,24,0,0,0,271,92,5360000
"Ji'nan, Shandong (CN)","Semiconductor",260,2.13,0.32,82,340,1.11,0.5,24,0,0,0,271,92,5360000
"Jiaxing (CN)","Automotive",5,2.95,0.08,299,12,1.09,0.03,485,0,0,0,231,266,1260000
"Jiaxing (CN)","Energy",0,0,0,299,25,1.24,0.03,485,14.78,30.2,0.15,231,266,1260000
"Jiaxing (CN)","Finance",0,0,0,299,6,0.57,0.01,485,0,0,0,231,266,1260000
"Jiaxing (CN)","Healthcare",0,0,0,299,55,0.81,0.02,485,0,0,0,231,266,1260000
"Jiaxing (CN)","Semiconductor",12,0.52,0.01,299,34,1.97,0.05,485,0,0,0,231,266,1260000
"Jiddah (SA)","Automotive",1,2.51,0.02,262,109,1.36,0.25,42,0,0,0,345,164,4610000
"Jiddah (SA)","Energy",0,0,0,262,371,2.54,0.47,42,0,0,0,345,164,4610000
"Jiddah (SA)","Finance",5,9.12,0.06,262,237,3.09,0.57,42,9.86,4.92,0.02,345,164,4610000
"Jiddah (SA)","Healthcare",1,1.64,0.01,262,1283,2.6,0.48,42,0,0,0,345,164,4610000
"Jiddah (SA)","Semiconductor",2,0.37,0,262,130,1.04,0.19,42,0,0,0,345,164,4610000
"Johannesburg (ZA)","Automotive",1,0.87,0.02,248,20,0.34,0.05,161,0,0,0,295,179,5783000
"Johannesburg (ZA)","Energy",0,0,0,248,144,1.34,0.18,161,0,0,0,295,179,5783000
"Johannesburg (ZA)","Finance",6,3.79,0.07,248,80,1.43,0.19,161,0.82,7.83,0,295,179,5783000
"Johannesburg (ZA)","Healthcare",2,1.14,0.02,248,288,0.8,0.11,161,1.25,12.2,0,295,179,5783000
"Johannesburg (ZA)","Semiconductor",8,0.51,0.01,248,45,0.49,0.07,161,0,0,0,295,179,5783000
"Jundia<ed> (BR)","Automotive",0,0,0,484,0,0,0,1191,0,0,0,333,420,679000
"Jundia<ed> (BR)","Energy",0,0,0,484,1,0.14,0,1191,0,0,0,333,420,679000
"Jundia<ed> (BR)","Finance",0,0,0,484,2,0.53,0,1191,0,0,0,333,420,679000
"Jundia<ed> (BR)","Healthcare",1,1.5,0.01,484,6,0.25,0,1191,0,0,0,333,420,679000
"Jundia<ed> (BR)","Semiconductor",1,0.17,0,484,0,0,0,1191,0,0,0,333,420,679000
"K<f6>ln (DE)","Automotive",16,1.16,0.27,81,61,1.01,0.14,163,0,0,0,90,80,1119000
"K<f6>ln (DE)","Energy",3,0.46,0.11,81,132,1.19,0.17,163,6.21,1.06,0.06,90,80,1119000
"K<f6>ln (DE)","Finance",8,0.42,0.1,81,18,0.31,0.04,163,6.18,0.23,0.01,90,80,1119000
"K<f6>ln (DE)","Healthcare",15,0.71,0.16,81,296,0.79,0.11,163,1.93,0.07,0,90,80,1119000
"K<f6>ln (DE)","Semiconductor",56,0.3,0.07,81,137,1.45,0.2,163,1.93,0.07,0,90,80,1119000
"K<f8>benhavn (DK)","Automotive",5,0.43,0.08,108,37,0.29,0.09,107,0.27,0.01,0,66,66,1346000
"K<f8>benhavn (DK)","Energy",2,0.36,0.07,108,161,0.7,0.2,107,0,0,0,66,66,1346000
"K<f8>benhavn (DK)","Finance",5,0.31,0.06,108,43,0.36,0.1,107,62.98,1.95,0.14,66,66,1346000
"K<f8>benhavn (DK)","Healthcare",21,1.17,0.23,108,483,0.62,0.18,107,184.2,5.83,0.42,66,66,1346000
"K<f8>benhavn (DK)","Semiconductor",64,0.4,0.08,108,279,1.42,0.41,107,0,0,0,66,66,1346000
"Kampala (UG)","Automotive",0,0,0,670,0,0,0,596,0,0,0,393,381,3298000
"Kampala (UG)","Energy",0,0,0,670,36,0.77,0.05,596,0,0,0,393,381,3298000
"Kampala (UG)","Finance",0,0,0,670,20,0.82,0.05,596,0,0,0,393,381,3298000
"Kampala (UG)","Healthcare",0,0,0,670,96,0.61,0.04,596,0.15,20.2,0,393,381,3298000
"Kampala (UG)","Semiconductor",0,0,0,670,2,0.05,0,596,0,0,0,393,381,3298000
"Kanazawa (JP)","Automotive",0,0,0,346,11,0.56,0.03,437,0,0,0,238,267,466000
"Kanazawa (JP)","Energy",0,0,0,346,17,0.48,0.02,437,0,0,0,238,267,466000
"Kanazawa (JP)","Finance",1,0.45,0.01,346,15,0.8,0.04,437,0,0,0,238,267,466000
"Kanazawa (JP)","Healthcare",1,0.41,0.01,346,81,0.67,0.03,437,0,0,0,238,267,466000
"Kanazawa (JP)","Semiconductor",9,0.41,0.01,346,34,1.12,0.05,437,0,0,0,238,267,466000
"Kansas City (US)","Automotive",7,1.14,0.12,111,12,0.4,0.03,479,140,3.89,0.22,92,172,1686000
"Kansas City (US)","Energy",1,0.34,0.04,111,20,0.36,0.03,479,0,0,0,92,172,1686000
"Kansas City (US)","Finance",17,2.02,0.21,111,5,0.17,0.01,479,51.55,2.08,0.12,92,172,1686000
"Kansas City (US)","Healthcare",12,1.28,0.13,111,152,0.81,0.06,479,7.9,0.33,0.02,92,172,1686000
"Kansas City (US)","Semiconductor",72,0.86,0.09,111,14,0.29,0.02,479,0,0,0,92,172,1686000
"Karlsruhe (DE)","Automotive",16,1.54,0.27,136,91,2.34,0.21,157,0,0,0,320,156,318000
"Karlsruhe (DE)","Energy",2,0.4,0.07,136,105,1.47,0.13,157,0,0,0,320,156,318000
"Karlsruhe (DE)","Finance",2,0.14,0.02,136,23,0.62,0.06,157,0,0,0,320,156,318000
"Karlsruhe (DE)","Healthcare",2,0.13,0.02,136,208,0.87,0.08,157,0,0,0,320,156,318000
"Karlsruhe (DE)","Semiconductor",95,0.67,0.12,136,148,2.43,0.22,157,0,0,0,320,156,318000
"Kathmandu (NP)","Automotive",0,0,0,1006,31,0.7,0.07,164,0,0,0,172,329,1424000
"Kathmandu (NP)","Energy",0,0,0,1006,104,1.28,0.13,164,5,44.07,0.05,172,329,1424000
"Kathmandu (NP)","Finance",0,0,0,1006,85,2,0.21,164,0.28,0.54,0,172,329,1424000
"Kathmandu (NP)","Healthcare",0,0,0,1006,409,1.5,0.15,164,5,9.82,0.01,172,329,1424000
"Kathmandu (NP)","Semiconductor",0,0,0,1006,24,0.35,0.04,164,0,0,0,172,329,1424000
"Kayseri (TR)","Automotive",1,0.8,0.02,265,8,0.53,0.02,441,0,0,0,299,262,974000
"Kayseri (TR)","Energy",0,0,0,265,35,1.28,0.04,441,0.03,45.31,0,299,262,974000
"Kayseri (TR)","Finance",4,2.34,0.05,265,11,0.77,0.03,441,0,0,0,299,262,974000
"Kayseri (TR)","Healthcare",5,2.63,0.05,265,95,1.03,0.04,441,0.03,10.1,0,299,262,974000
"Kayseri (TR)","Semiconductor",9,0.53,0.01,265,16,0.68,0.02,441,0,0,0,299,262,974000
"Kharkiv (UA)","Automotive",0,0,0,556,26,0.75,0.06,416,0,0,0,416,337,1429000
"Kharkiv (UA)","Energy",0,0,0,556,28,0.44,0.04,416,0,0,0,416,337,1429000
"Kharkiv (UA)","Finance",2,4.45,0.02,556,9,0.27,0.02,416,2.7,19.76,0.01,416,337,1429000
"Kharkiv (UA)","Healthcare",0,0,0,556,87,0.41,0.03,416,0,0,0,416,337,1429000
"Kharkiv (UA)","Semiconductor",5,1.12,0.01,556,21,0.39,0.03,416,0,0,0,416,337,1429000
"Kitakyushu-Fukuoka (JP)","Automotive",0,0,0,321,15,0.34,0.03,284,0,0,0,130,189,5529000
"Kitakyushu-Fukuoka (JP)","Energy",0,0,0,321,50,0.62,0.06,284,0.03,0.11,0,130,189,5529000
"Kitakyushu-Fukuoka (JP)","Finance",1,0.15,0.01,321,15,0.36,0.04,284,2.96,2.46,0.01,130,189,5529000
"Kitakyushu-Fukuoka (JP)","Healthcare",2,0.27,0.02,321,158,0.58,0.06,284,15.23,12.95,0.03,130,189,5529000
"Kitakyushu-Fukuoka (JP)","Semiconductor",9,0.13,0.01,321,105,1.53,0.16,284,0,0,0,130,189,5529000
"Kitchener-Cambrigde-Waterloo (CA)","Automotive",15,2.76,0.25,106,75,1.44,0.17,119,10.11,0.44,0.02,52,63,562000
"Kitchener-Cambrigde-Waterloo (CA)","Energy",1,0.39,0.04,106,68,0.71,0.09,119,0.32,0.09,0,52,63,562000
"Kitchener-Cambrigde-Waterloo (CA)","Finance",9,1.2,0.11,106,54,1.08,0.13,119,9.36,0.59,0.02,52,63,562000
"Kitchener-Cambrigde-Waterloo (CA)","Healthcare",9,1.08,0.1,106,344,1.07,0.13,119,30,1.95,0.07,52,63,562000
"Kitchener-Cambrigde-Waterloo (CA)","Semiconductor",77,1.03,0.09,106,228,2.79,0.34,119,77.07,4.57,0.16,52,63,562000
"Knoxville (US)","Automotive",0,0,0,250,46,0.86,0.11,175,0,0,0,167,149,741000
"Knoxville (US)","Energy",3,3.58,0.11,250,80,0.82,0.1,175,0,0,0,167,149,741000
"Knoxville (US)","Finance",2,0.83,0.02,250,18,0.35,0.04,175,0,0,0,167,149,741000
"Knoxville (US)","Healthcare",5,1.86,0.05,250,240,0.73,0.09,175,34.39,20.19,0.08,167,149,741000
"Knoxville (US)","Semiconductor",12,0.5,0.01,250,226,2.7,0.33,175,0,0,0,167,149,741000
"Kochi (IN)","Automotive",1,2.81,0.02,322,13,0.78,0.03,395,0,0,0,321,273,3082000
"Kochi (IN)","Energy",1,5.9,0.04,322,18,0.59,0.02,395,0,0,0,321,273,3082000
"Kochi (IN)","Finance",0,0,0,322,35,2.18,0.08,395,0,0,0,321,273,3082000
"Kochi (IN)","Healthcare",1,1.84,0.01,322,142,1.37,0.05,395,0,0,0,321,273,3082000
"Kochi (IN)","Semiconductor",4,0.82,0,322,10,0.38,0.01,395,0,0,0,321,273,3082000
"Kolkata (IN)","Automotive",5,2.12,0.08,116,93,1.06,0.22,57,0,0,0,228,98,14850000
"Kolkata (IN)","Energy",5,4.44,0.18,116,184,1.15,0.23,57,0,0,0,228,98,14850000
"Kolkata (IN)","Finance",8,2.46,0.1,116,161,1.92,0.39,57,0.46,0.38,0,228,98,14850000
"Kolkata (IN)","Healthcare",5,1.38,0.05,116,852,1.57,0.32,57,2.1,1.78,0,228,98,14850000
"Kolkata (IN)","Semiconductor",59,1.82,0.07,116,227,1.65,0.34,57,0,0,0,228,98,14850000
"Koriyama (JP)","Automotive",0,0,0,542,17,1.51,0.04,430,0,0,0,165,291,331000
"Koriyama (JP)","Energy",0,0,0,542,12,0.58,0.02,430,0,0,0,165,291,331000
"Koriyama (JP)","Finance",0,0,0,542,14,1.3,0.03,430,0,0,0,165,291,331000
"Koriyama (JP)","Healthcare",0,0,0,542,114,1.65,0.04,430,0,0,0,165,291,331000
"Koriyama (JP)","Semiconductor",0,0,0,542,26,1.48,0.04,430,0,0,0,165,291,331000
"Kozhikode (IN)","Automotive",0,0,0,519,5,0.51,0.01,552,0,0,0,372,347,3555000
"Kozhikode (IN)","Energy",0,0,0,519,16,0.9,0.02,552,0,0,0,372,347,3555000
"Kozhikode (IN)","Finance",3,9.81,0.04,519,9,0.97,0.02,552,0,0,0,372,347,3555000
"Kozhikode (IN)","Healthcare",1,2.94,0.01,519,84,1.4,0.03,552,0.18,10.1,0,372,347,3555000
"Kozhikode (IN)","Semiconductor",4,1.31,0,519,11,0.72,0.02,552,0,0,0,372,347,3555000
"Krak<f3>w (PL)","Automotive",8,3.6,0.13,128,51,0.68,0.12,131,0,0,0,149,99,769000
"Krak<f3>w (PL)","Energy",5,4.73,0.18,128,146,1.06,0.18,131,0,0,0,149,99,769000
"Krak<f3>w (PL)","Finance",3,0.98,0.04,128,46,0.64,0.11,131,32.04,11.59,0.07,149,99,769000
"Krak<f3>w (PL)","Healthcare",5,1.47,0.05,128,285,0.61,0.11,131,7.98,2.95,0.02,149,99,769000
"Krak<f3>w (PL)","Semiconductor",39,1.28,0.05,128,99,0.84,0.15,131,1.28,0.43,0,149,99,769000
"Kuala Lumpur (MY)","Automotive",0,0,0,146,114,0.62,0.26,35,0,0,0,104,69,7997000
"Kuala Lumpur (MY)","Energy",12,9.62,0.42,146,558,1.67,0.7,35,0,0,0,104,69,7997000
"Kuala Lumpur (MY)","Finance",10,2.77,0.12,146,601,3.43,1.45,35,2,0.21,0,104,69,7997000
"Kuala Lumpur (MY)","Healthcare",12,2.99,0.13,146,2348,2.08,0.88,35,14.2,1.51,0.03,104,69,7997000
"Kuala Lumpur (MY)","Semiconductor",29,0.81,0.04,146,100,0.35,0.15,35,0,0,0,104,69,7997000
"Kunming (CN)","Automotive",1,0.42,0.02,169,114,1.14,0.26,98,0,0,0,148,102,4443000
"Kunming (CN)","Energy",3,2.64,0.11,169,259,1.41,0.33,98,0,0,0,148,102,4443000
"Kunming (CN)","Finance",6,1.83,0.07,169,71,0.74,0.17,98,0,0,0,148,102,4443000
"Kunming (CN)","Healthcare",4,1.1,0.04,169,567,0.92,0.21,98,5.71,20.2,0.01,148,102,4443000
"Kunming (CN)","Semiconductor",23,0.7,0.03,169,41,0.26,0.06,98,0,0,0,148,102,4443000
"Kunshan (CN)","Automotive",0,0,0,321,9,1.82,0.02,565,0,0,0,371,316,738000
"Kunshan (CN)","Energy",1,1.57,0.04,321,11,1.21,0.01,565,0,0,0,371,316,738000
"Kunshan (CN)","Finance",0,0,0,321,12,2.53,0.03,565,0,0,0,371,316,738000
"Kunshan (CN)","Healthcare",0,0,0,321,48,1.57,0.02,565,0,0,0,371,316,738000
"Kunshan (CN)","Semiconductor",12,0.66,0.01,321,8,1.03,0.01,565,0,0,0,371,316,738000
"Kyiv (UA)","Automotive",3,1.62,0.05,170,41,0.45,0.09,177,0,0,0,200,136,2988000
"Kyiv (UA)","Energy",0,0,0,170,139,0.83,0.18,177,0,0,0,200,136,2988000
"Kyiv (UA)","Finance",4,1.57,0.05,170,43,0.49,0.1,177,0.05,0.03,0,200,136,2988000
"Kyiv (UA)","Healthcare",6,2.11,0.07,170,173,0.31,0.06,177,0,0,0,200,136,2988000
"Kyiv (UA)","Semiconductor",47,1.85,0.06,170,37,0.26,0.05,177,1,0.55,0,200,136,2988000
"Kyoto–Osaka–Kobe (JP)","Automotive",37,0.29,0.62,24,128,0.61,0.3,60,0,0,0,140,50,19165000
"Kyoto–Osaka–Kobe (JP)","Energy",25,0.42,0.88,24,144,0.38,0.18,60,0,0,0,140,50,19165000
"Kyoto–Osaka–Kobe (JP)","Finance",48,0.28,0.58,24,72,0.36,0.17,60,0.84,0.67,0,140,50,19165000
"Kyoto–Osaka–Kobe (JP)","Healthcare",39,0.2,0.43,24,909,0.71,0.34,60,15.68,12.87,0.04,140,50,19165000
"Kyoto–Osaka–Kobe (JP)","Semiconductor",467,0.27,0.57,24,532,1.63,0.79,60,0,0,0,140,50,19165000
"Lafayette (US)","Automotive",5,1.66,0.08,159,12,2.46,0.03,508,0,0,0,439,285,358000
"Lafayette (US)","Energy",2,1.39,0.07,159,15,1.68,0.02,508,0,0,0,439,285,358000
"Lafayette (US)","Finance",2,0.48,0.02,159,8,1.71,0.02,508,0,0,0,439,285,358000
"Lafayette (US)","Healthcare",7,1.52,0.08,159,54,1.79,0.02,508,0,0,0,439,285,358000
"Lafayette (US)","Semiconductor",24,0.58,0.03,159,31,4.06,0.05,508,0,0,0,439,285,358000
"Lagos (NG)","Automotive",0,0,0,761,5,0.21,0.01,405,0,0,0,212,335,14368000
"Lagos (NG)","Energy",0,0,0,761,76,1.71,0.1,405,0,0,0,212,335,14368000
"Lagos (NG)","Finance",0,0,0,761,43,1.85,0.1,405,35.26,9.33,0.08,212,335,14368000
"Lagos (NG)","Healthcare",0,0,0,761,167,1.11,0.06,405,0.55,0.15,0,212,335,14368000
"Lagos (NG)","Semiconductor",0,0,0,761,2,0.05,0,405,0,0,0,212,335,14368000
"Lahore (PK)","Automotive",0,0,0,625,77,0.85,0.18,102,0.16,3.88,0,308,272,12642000
"Lahore (PK)","Energy",0,0,0,625,171,1.03,0.22,102,0,0,0,308,272,12642000
"Lahore (PK)","Finance",1,5.56,0.01,625,162,1.86,0.39,102,0,0,0,308,272,12642000
"Lahore (PK)","Healthcare",1,5,0.01,625,926,1.65,0.35,102,0.2,7.21,0,308,272,12642000
"Lahore (PK)","Semiconductor",4,2.23,0,625,29,0.2,0.04,102,0,0,0,308,272,12642000
"Lancaster (US)","Automotive",0,0,0,373,1,0.3,0,908,0,0,0,412,387,497000
"Lancaster (US)","Energy",1,5.64,0.04,373,2,0.33,0,908,0,0,0,412,387,497000
"Lancaster (US)","Finance",1,1.95,0.01,373,4,1.27,0.01,908,0,0,0,412,387,497000
"Lancaster (US)","Healthcare",1,1.75,0.01,373,18,0.89,0.01,908,0,0,0,412,387,497000
"Lancaster (US)","Semiconductor",4,0.78,0,373,1,0.19,0,908,0,0,0,412,387,497000
"Lancaster-Palmdale (US)","Automotive",0,0,0,351,1,0.12,0,1003,0,0,0,207,361,491000
"Lancaster-Palmdale (US)","Energy",0,0,0,351,0,0,0,1003,0,0,0,207,361,491000
"Lancaster-Palmdale (US)","Finance",2,1.36,0.02,351,1,0.12,0,1003,3,1.81,0.01,207,361,491000
"Lancaster-Palmdale (US)","Healthcare",5,3.05,0.05,351,27,0.52,0.01,1003,11.7,7.21,0.03,207,361,491000
"Lancaster-Palmdale (US)","Semiconductor",2,0.14,0,351,1,0.08,0,1003,0,0,0,207,361,491000
"Lansing (US)","Automotive",1,0.96,0.02,336,35,0.72,0.08,278,0,0,0,444,274,326000
"Lansing (US)","Energy",0,0,0,336,48,0.54,0.06,278,0,0,0,444,274,326000
"Lansing (US)","Finance",0,0,0,336,13,0.28,0.03,278,0,0,0,444,274,326000
"Lansing (US)","Healthcare",5,3.14,0.05,336,234,0.78,0.09,278,0,0,0,444,274,326000
"Lansing (US)","Semiconductor",7,0.49,0.01,336,30,0.39,0.04,278,0,0,0,444,274,326000
"Las Vegas (US)","Automotive",5,0.84,0.08,92,16,1.19,0.04,594,0,0,0,73,195,2699000
"Las Vegas (US)","Energy",4,1.41,0.14,92,14,0.57,0.02,594,0,0,0,73,195,2699000
"Las Vegas (US)","Finance",18,2.2,0.22,92,3,0.23,0.01,594,30.85,0.4,0.07,73,195,2699000
"Las Vegas (US)","Healthcare",11,1.21,0.12,92,62,0.75,0.02,594,11.88,0.16,0.03,73,195,2699000
"Las Vegas (US)","Semiconductor",66,0.81,0.08,92,6,0.29,0.01,594,1.25,0.02,0,73,195,2699000
"Latina (IT)","Automotive",0,0,0,456,0,0,0,1306,0,0,0,281,428,449000
"Latina (IT)","Energy",0,0,0,456,0,0,0,1306,0,0,0,281,428,449000
"Latina (IT)","Finance",0,0,0,456,0,0,0,1306,0,0,0,281,428,449000
"Latina (IT)","Healthcare",1,3.39,0.01,456,5,0.88,0,1306,0,0,0,281,428,449000
"Latina (IT)","Semiconductor",0,0,0,456,0,0,0,1306,0,0,0,281,428,449000
"Lausanne (CH)","Automotive",10,0.92,0.17,91,42,0.68,0.1,152,1.09,0.01,0,41,68,442000
"Lausanne (CH)","Energy",3,0.58,0.11,91,74,0.65,0.09,152,297.3,14.64,3.06,41,68,442000
"Lausanne (CH)","Finance",4,0.27,0.05,91,32,0.54,0.08,152,2.07,0.02,0,41,68,442000
"Lausanne (CH)","Healthcare",17,1.03,0.19,91,310,0.81,0.12,152,41.53,0.46,0.1,41,68,442000
"Lausanne (CH)","Semiconductor",90,0.61,0.11,91,234,2.42,0.35,152,299.79,3.01,0.63,41,68,442000
"Leicester (GB)","Automotive",0,0,0,403,34,1.24,0.08,294,0,0,0,206,235,552000
"Leicester (GB)","Energy",0,0,0,403,58,1.15,0.07,294,0,0,0,206,235,552000
"Leicester (GB)","Finance",1,0.86,0.01,403,21,0.8,0.05,294,1.92,15.94,0,206,235,552000
"Leicester (GB)","Healthcare",0,0,0,403,291,1.71,0.11,294,0.23,1.95,0,206,235,552000
"Leicester (GB)","Semiconductor",2,0.17,0,403,7,0.16,0.01,294,0,0,0,206,235,552000
"Leipzig (DE)","Automotive",0,0,0,276,5,0.09,0.01,378,0,0,0,457,287,591000
"Leipzig (DE)","Energy",0,0,0,276,50,0.51,0.06,378,0,0,0,457,287,591000
"Leipzig (DE)","Finance",0,0,0,276,9,0.18,0.02,378,0,0,0,457,287,591000
"Leipzig (DE)","Healthcare",5,1.34,0.05,276,209,0.63,0.08,378,0,0,0,457,287,591000
"Leipzig (DE)","Semiconductor",14,0.42,0.02,276,41,0.49,0.06,378,0,0,0,457,287,591000
"Leshan (CN)","Automotive",0,0,0,645,1,0.54,0,938,0,0,0,442,423,987000
"Leshan (CN)","Energy",0,0,0,645,4,1.17,0.01,938,0,0,0,442,423,987000
"Leshan (CN)","Finance",0,0,0,645,5,2.81,0.01,938,0,0,0,442,423,987000
"Leshan (CN)","Healthcare",0,0,0,645,10,0.87,0,938,0,0,0,442,423,987000
"Leshan (CN)","Semiconductor",0,0,0,645,2,0.69,0,938,0,0,0,442,423,987000
"Lexington-Fayette (US)","Automotive",2,0.2,0.03,115,11,0.38,0.03,398,0,0,0,199,182,334000
"Lexington-Fayette (US)","Energy",1,0.21,0.04,115,32,0.6,0.04,398,0,0,0,199,182,334000
"Lexington-Fayette (US)","Finance",7,0.51,0.08,115,11,0.39,0.03,398,2,0.75,0,199,182,334000
"Lexington-Fayette (US)","Healthcare",24,1.57,0.26,115,127,0.71,0.05,398,0,0,0,199,182,334000
"Lexington-Fayette (US)","Semiconductor",91,0.66,0.11,115,26,0.57,0.04,398,0,0,0,199,182,334000
"Li<e8>ge (BE)","Automotive",1,0.35,0.02,266,7,0.23,0.02,464,28.6,6.16,0.04,100,217,678000
"Li<e8>ge (BE)","Energy",1,0.73,0.04,266,26,0.48,0.03,464,11.12,15.97,0.11,100,217,678000
"Li<e8>ge (BE)","Finance",0,0,0,266,10,0.35,0.02,464,0.57,0.18,0,100,217,678000
"Li<e8>ge (BE)","Healthcare",1,0.23,0.01,266,92,0.5,0.03,464,11.7,3.74,0.03,100,217,678000
"Li<e8>ge (BE)","Semiconductor",5,0.13,0.01,266,21,0.45,0.03,464,0,0,0,100,217,678000
"Lille (FR)","Automotive",1,0.32,0.02,300,20,0.41,0.05,250,0,0,0,428,256,1063000
"Lille (FR)","Energy",1,0.68,0.04,300,45,0.51,0.06,250,0,0,0,428,256,1063000
"Lille (FR)","Finance",0,0,0,300,27,0.58,0.07,250,0,0,0,428,256,1063000
"Lille (FR)","Healthcare",0,0,0,300,190,0.64,0.07,250,0,0,0,428,256,1063000
"Lille (FR)","Semiconductor",25,0.59,0.03,300,62,0.82,0.09,250,0,0,0,428,256,1063000
"Lima (PE)","Automotive",1,1.69,0.02,307,9,0.16,0.02,343,0.2,1.84,0,295,242,10719000
"Lima (PE)","Energy",0,0,0,307,66,0.66,0.08,343,0,0,0,295,242,10719000
"Lima (PE)","Finance",1,1.23,0.01,307,31,0.59,0.07,343,0,0,0,295,242,10719000
"Lima (PE)","Healthcare",1,1.11,0.01,307,141,0.42,0.05,343,0.2,2.73,0,295,242,10719000
"Lima (PE)","Semiconductor",4,0.49,0,307,9,0.1,0.01,343,0,0,0,295,242,10719000
"Lisboa (PT)","Automotive",5,2.77,0.08,202,45,0.41,0.1,92,0,0,0,85,93,2957000
"Lisboa (PT)","Energy",0,0,0,202,158,0.78,0.2,92,8.73,5.56,0.09,85,93,2957000
"Lisboa (PT)","Finance",2,0.8,0.02,202,80,0.76,0.19,92,3.22,0.45,0.01,85,93,2957000
"Lisboa (PT)","Healthcare",8,2.89,0.09,202,508,0.75,0.19,92,1.86,0.26,0,85,93,2957000
"Lisboa (PT)","Semiconductor",19,0.77,0.02,202,154,0.89,0.23,92,24.7,3.21,0.05,85,93,2957000
"Little Rock (US)","Automotive",0,0,0,360,2,0.13,0,716,0,0,0,402,353,514000
"Little Rock (US)","Energy",0,0,0,360,7,0.24,0.01,716,0,0,0,402,353,514000
"Little Rock (US)","Finance",6,3.67,0.07,360,6,0.4,0.01,716,2.85,19.76,0.01,402,353,514000
"Little Rock (US)","Healthcare",2,1.1,0.02,360,79,0.81,0.03,716,0,0,0,402,353,514000
"Little Rock (US)","Semiconductor",12,0.74,0.01,360,2,0.08,0,716,0,0,0,402,353,514000
"Liverpool (GB)","Automotive",0,0,0,258,55,0.91,0.13,162,0,0,0,362,204,902000
"Liverpool (GB)","Energy",0,0,0,258,69,0.62,0.09,162,0,0,0,362,204,902000
"Liverpool (GB)","Finance",2,0.47,0.02,258,46,0.79,0.11,162,0,0,0,362,204,902000
"Liverpool (GB)","Healthcare",2,0.42,0.02,258,320,0.86,0.12,162,0.32,20.2,0,362,204,902000
"Liverpool (GB)","Semiconductor",13,0.31,0.02,258,52,0.55,0.08,162,0,0,0,362,204,902000
"London (GB)","Automotive",49,1.03,0.82,16,325,0.66,0.75,16,2540.15,1.17,3.93,3,5,9304000
"London (GB)","Energy",22,0.97,0.77,16,532,0.59,0.67,16,162.41,0.5,1.67,3,5,9304000
"London (GB)","Finance",92,1.41,1.12,16,339,0.72,0.82,16,2894.34,1.94,6.5,3,5,9304000
"London (GB)","Healthcare",111,1.53,1.21,16,2876,0.95,1.08,16,4367.81,3,10.03,3,5,9304000
"London (GB)","Semiconductor",706,1.08,0.86,16,556,0.72,0.82,16,4771.95,2.99,10.02,3,5,9304000
"London (CA)","Automotive",1,0.61,0.02,302,32,0.9,0.07,295,0,0,0,284,232,508000
"London (CA)","Energy",0,0,0,302,32,0.49,0.04,295,0,0,0,284,232,508000
"London (CA)","Finance",1,0.44,0.01,302,31,0.91,0.07,295,0,0,0,284,232,508000
"London (CA)","Healthcare",8,3.18,0.09,302,200,0.91,0.07,295,0,0,0,284,232,508000
"London (CA)","Semiconductor",6,0.27,0.01,302,19,0.34,0.03,295,0,0,0,284,232,508000
"Los Angeles-Long Beach-Santa Ana (US)","Automotive",139,2.42,2.32,11,220,0.91,0.51,32,35.85,0.07,0.06,8,12,12447000
"Los Angeles-Long Beach-Santa Ana (US)","Energy",24,0.88,0.84,11,253,0.57,0.32,32,120.4,1.53,1.24,8,12,12447000
"Los Angeles-Long Beach-Santa Ana (US)","Finance",150,1.9,1.82,11,152,0.65,0.37,32,889.04,2.46,2,8,12,12447000
"Los Angeles-Long Beach-Santa Ana (US)","Healthcare",119,1.35,1.3,11,1459,0.97,0.55,32,689.64,1.95,1.58,8,12,12447000
"Los Angeles-Long Beach-Santa Ana (US)","Semiconductor",1148,1.46,1.4,11,685,1.8,1.01,32,420.22,1.09,0.88,8,12,12447000
"Louisville (US)","Automotive",0,0,0,205,8,0.46,0.02,683,0,0,0,267,297,1089000
"Louisville (US)","Energy",1,0.82,0.04,205,4,0.12,0.01,683,0,0,0,267,297,1089000
"Louisville (US)","Finance",5,1.43,0.06,205,7,0.42,0.02,683,1.3,1.76,0,267,297,1089000
"Louisville (US)","Healthcare",16,4.1,0.17,205,116,1.07,0.04,683,6.7,9.27,0.02,267,297,1089000
"Louisville (US)","Semiconductor",17,0.49,0.02,205,1,0.04,0,683,0,0,0,267,297,1089000
"Lublin (PL)","Automotive",0,0,0,664,5,0.16,0.01,633,0,0,0,301,370,335000
"Lublin (PL)","Energy",0,0,0,664,38,0.68,0.05,633,0,0,0,301,370,335000
"Lublin (PL)","Finance",0,0,0,664,5,0.17,0.01,633,0.27,2.35,0,301,370,335000
"Lublin (PL)","Healthcare",0,0,0,664,45,0.24,0.02,633,0,0,0,301,370,335000
"Lublin (PL)","Semiconductor",0,0,0,664,3,0.06,0,633,0,0,0,301,370,335000
"Lucknow (IN)","Automotive",0,0,0,342,18,0.49,0.04,262,0,0,0,252,226,3677000
"Lucknow (IN)","Energy",1,3.67,0.04,342,69,1.03,0.09,262,0.02,0.15,0,252,226,3677000
"Lucknow (IN)","Finance",2,2.54,0.02,342,49,1.4,0.12,262,0.02,0.03,0,252,226,3677000
"Lucknow (IN)","Healthcare",0,0,0,342,247,1.1,0.09,262,0.04,0.07,0,252,226,3677000
"Lucknow (IN)","Semiconductor",14,1.79,0.02,342,9,0.16,0.01,262,0,0,0,252,226,3677000
"Ludhiana (IN)","Automotive",0,0,0,589,1,0.08,0,771,0,0,0,289,376,1857000
"Ludhiana (IN)","Energy",0,0,0,589,15,0.62,0.02,771,0,0,0,289,376,1857000
"Ludhiana (IN)","Finance",1,6.95,0.01,589,6,0.48,0.01,771,2.6,9.88,0.01,289,376,1857000
"Ludhiana (IN)","Healthcare",0,0,0,589,35,0.43,0.01,771,0,0,0,289,376,1857000
"Ludhiana (IN)","Semiconductor",1,0.7,0,589,1,0.05,0,771,0,0,0,289,376,1857000
"Lyon (FR)","Automotive",4,0.41,0.07,153,31,0.34,0.07,185,11.36,1.61,0.02,71,100,1719000
"Lyon (FR)","Energy",1,0.22,0.04,153,57,0.34,0.07,185,0,0,0,71,100,1719000
"Lyon (FR)","Finance",5,0.38,0.06,153,33,0.38,0.08,185,43.78,9.03,0.1,71,100,1719000
"Lyon (FR)","Healthcare",12,0.81,0.13,153,274,0.48,0.1,185,35.51,7.49,0.08,71,100,1719000
"Lyon (FR)","Semiconductor",20,0.15,0.02,153,92,0.64,0.14,185,0,0,0,71,100,1719000
"M<fc>nchen (DE)","Automotive",138,1.96,2.3,19,258,1.68,0.6,50,77.85,0.17,0.12,14,17,1538000
"M<fc>nchen (DE)","Energy",24,0.72,0.84,19,149,0.53,0.19,50,141.07,2.07,1.45,14,17,1538000
"M<fc>nchen (DE)","Finance",56,0.58,0.68,19,76,0.52,0.18,50,755.68,2.42,1.7,14,17,1538000
"M<fc>nchen (DE)","Healthcare",35,0.32,0.38,19,961,1.02,0.36,50,225.42,0.74,0.52,14,17,1538000
"M<fc>nchen (DE)","Semiconductor",1035,1.07,1.26,19,583,2.43,0.86,50,159.23,0.48,0.33,14,17,1538000
"Madison (US)","Automotive",0,0,0,166,62,0.89,0.14,150,0,0,0,144,115,487000
"Madison (US)","Energy",1,0.36,0.04,166,79,0.62,0.1,150,0,0,0,144,115,487000
"Madison (US)","Finance",7,0.86,0.08,166,31,0.46,0.07,150,30.41,2.65,0.07,144,115,487000
"Madison (US)","Healthcare",11,1.22,0.12,166,400,0.93,0.15,150,191.27,17.01,0.44,144,115,487000
"Madison (US)","Semiconductor",56,0.69,0.07,166,99,0.91,0.15,150,0,0,0,144,115,487000
"Madrid (ES)","Automotive",4,0.42,0.07,131,89,0.33,0.21,39,8.15,0.17,0.01,62,51,6618000
"Madrid (ES)","Energy",1,0.22,0.04,131,385,0.77,0.49,39,0,0,0,62,51,6618000
"Madrid (ES)","Finance",5,0.38,0.06,131,127,0.49,0.31,39,117.31,3.54,0.26,62,51,6618000
"Madrid (ES)","Healthcare",8,0.54,0.09,131,946,0.56,0.35,39,73.57,2.27,0.17,62,51,6618000
"Madrid (ES)","Semiconductor",53,0.4,0.06,131,341,0.8,0.5,39,0,0,0,62,51,6618000
"Madurai (IN)","Automotive",0,0,0,602,10,0.93,0.02,374,0,0,0,367,330,1734000
"Madurai (IN)","Energy",0,0,0,602,40,2.03,0.05,374,0,0,0,367,330,1734000
"Madurai (IN)","Finance",0,0,0,602,35,3.39,0.08,374,0,0,0,367,330,1734000
"Madurai (IN)","Healthcare",0,0,0,602,135,2.03,0.05,374,0.54,20.2,0,367,330,1734000
"Madurai (IN)","Semiconductor",2,0.59,0,602,7,0.42,0.01,374,0,0,0,367,330,1734000
"Malaga (ES)","Automotive",1,0.87,0.02,371,8,0.39,0.02,503,0,0,0,220,281,590000
"Malaga (ES)","Energy",0,0,0,371,32,0.86,0.04,503,0,0,0,220,281,590000
"Malaga (ES)","Finance",1,0.64,0.01,371,7,0.36,0.02,503,0.08,0.42,0,220,281,590000
"Malaga (ES)","Healthcare",0,0,0,371,71,0.57,0.03,503,0,0,0,220,281,590000
"Malaga (ES)","Semiconductor",5,0.32,0.01,371,13,0.41,0.02,503,0,0,0,220,281,590000
"Malm<f6> (SE)","Automotive",27,1.83,0.45,51,14,0.29,0.03,326,0,0,0,158,132,322000
"Malm<f6> (SE)","Energy",5,0.71,0.18,51,33,0.37,0.04,326,1.08,2.21,0.01,158,132,322000
"Malm<f6> (SE)","Finance",14,0.69,0.17,51,11,0.24,0.03,326,0.47,0.21,0,158,132,322000
"Malm<f6> (SE)","Healthcare",19,0.84,0.21,51,229,0.77,0.09,326,1.08,0.49,0,158,132,322000
"Malm<f6> (SE)","Semiconductor",225,1.11,0.27,51,61,0.81,0.09,326,0,0,0,158,132,322000
"Manchester (GB)","Automotive",6,1.13,0.1,157,69,0.76,0.16,113,8,0.45,0.01,78,83,2730000
"Manchester (GB)","Energy",0,0,0,157,90,0.54,0.11,113,0,0,0,78,83,2730000
"Manchester (GB)","Finance",4,0.55,0.05,157,66,0.76,0.16,113,12.92,1.05,0.03,78,83,2730000
"Manchester (GB)","Healthcare",10,1.23,0.11,157,566,1.01,0.21,113,36.24,3.02,0.08,78,83,2730000
"Manchester (GB)","Semiconductor",39,0.54,0.05,157,75,0.53,0.11,113,0,0,0,78,83,2730000
"Manila (PH)","Automotive",0,0,0,420,39,0.99,0.09,186,0,0,0,344,245,13923000
"Manila (PH)","Energy",0,0,0,420,83,1.15,0.1,186,0,0,0,344,245,13923000
"Manila (PH)","Finance",3,5.65,0.04,420,57,1.51,0.14,186,59.3,11.42,0.13,344,245,13923000
"Manila (PH)","Healthcare",2,3.39,0.02,420,334,1.37,0.13,186,0,0,0,344,245,13923000
"Manila (PH)","Semiconductor",7,1.32,0.01,420,16,0.26,0.02,186,0,0,0,344,245,13923000
"Mannheim (DE)","Automotive",20,0.7,0.33,45,26,0.34,0.06,221,0,0,0,184,112,332000
"Mannheim (DE)","Energy",3,0.22,0.11,45,36,0.26,0.05,221,3.27,0.28,0.03,184,112,332000
"Mannheim (DE)","Finance",33,0.84,0.4,45,17,0.23,0.04,221,0.38,0.01,0,184,112,332000
"Mannheim (DE)","Healthcare",39,0.89,0.43,45,517,1.09,0.19,221,0.22,0,0,184,112,332000
"Mannheim (DE)","Semiconductor",178,0.46,0.22,45,123,1.02,0.18,221,0,0,0,184,112,332000
"Maring<e1> (BR)","Automotive",1,14.57,0.02,738,2,0.15,0,835,0,0,0,375,412,420000
"Maring<e1> (BR)","Energy",0,0,0,738,7,0.28,0.01,835,0,0,0,375,412,420000
"Maring<e1> (BR)","Finance",0,0,0,738,5,0.39,0.01,835,0,0,0,375,412,420000
"Maring<e1> (BR)","Healthcare",0,0,0,738,18,0.22,0.01,835,0,0,0,375,412,420000
"Maring<e1> (BR)","Semiconductor",0,0,0,738,2,0.09,0,835,0,0,0,375,412,420000
"Marseille-Aix-en-Provence (FR)","Automotive",2,0.56,0.03,190,10,0.12,0.02,288,0.17,0.03,0,99,145,1608000
"Marseille-Aix-en-Provence (FR)","Energy",0,0,0,190,89,0.6,0.11,288,7.6,8.45,0.08,99,145,1608000
"Marseille-Aix-en-Provence (FR)","Finance",2,0.41,0.02,190,13,0.17,0.03,288,1.62,0.39,0,99,145,1608000
"Marseille-Aix-en-Provence (FR)","Healthcare",4,0.74,0.04,190,206,0.41,0.08,288,38.45,9.53,0.09,99,145,1608000
"Marseille-Aix-en-Provence (FR)","Semiconductor",32,0.66,0.04,190,59,0.47,0.09,288,0,0,0,99,145,1608000
"Masqat (OM)","Automotive",0,0,0,537,11,0.7,0.03,310,0,0,0,126,255,1550000
"Masqat (OM)","Energy",2,37.8,0.07,537,87,3.04,0.11,310,0,0,0,126,255,1550000
"Masqat (OM)","Finance",1,6.54,0.01,537,49,3.28,0.12,310,1.52,6,0,126,255,1550000
"Masqat (OM)","Healthcare",0,0,0,537,229,2.38,0.09,310,1.2,4.84,0,126,255,1550000
"Masqat (OM)","Semiconductor",1,0.66,0,537,5,0.2,0.01,310,0,0,0,126,255,1550000
"McAllen (US)","Automotive",3,9.09,0.05,252,2,0.32,0,809,0,0,0,205,317,1012000
"McAllen (US)","Energy",1,6.36,0.04,252,9,0.8,0.01,809,0,0,0,205,317,1012000
"McAllen (US)","Finance",6,13.21,0.07,252,7,1.18,0.02,809,115.71,19.76,0.26,205,317,1012000
"McAllen (US)","Healthcare",1,1.98,0.01,252,27,0.71,0.01,809,0,0,0,205,317,1012000
"McAllen (US)","Semiconductor",3,0.66,0,252,0,0,0,809,0,0,0,205,317,1012000
"Medell<ed>n (CO)","Automotive",1,2.73,0.02,491,4,0.14,0.01,438,0,0,0,278,313,4000000
"Medell<ed>n (CO)","Energy",0,0,0,491,46,0.85,0.06,438,5,54.26,0.05,278,313,4000000
"Medell<ed>n (CO)","Finance",1,1.99,0.01,491,15,0.53,0.04,438,0.9,2.13,0,278,313,4000000
"Medell<ed>n (CO)","Healthcare",2,3.57,0.02,491,85,0.47,0.03,438,0,0,0,278,313,4000000
"Medell<ed>n (CO)","Semiconductor",1,0.2,0,491,21,0.45,0.03,438,0,0,0,278,313,4000000
"Melbourne (AU)","Automotive",12,1.48,0.2,71,262,1.13,0.61,31,0.15,0,0,44,30,4968000
"Melbourne (AU)","Energy",3,0.78,0.11,71,288,0.68,0.36,31,156.62,21.77,1.61,44,30,4968000
"Melbourne (AU)","Finance",9,0.81,0.11,71,190,0.85,0.46,31,216.09,6.55,0.49,44,30,4968000
"Melbourne (AU)","Healthcare",25,2.02,0.27,71,1367,0.95,0.51,31,49.98,1.55,0.11,44,30,4968000
"Melbourne (AU)","Semiconductor",61,0.55,0.07,71,295,0.81,0.44,31,0,0,0,44,30,4968000
"Memphis (US)","Automotive",0,0,0,371,5,0.17,0.01,609,0,0,0,273,315,1150000
"Memphis (US)","Energy",0,0,0,371,11,0.2,0.01,609,0,0,0,273,315,1150000
"Memphis (US)","Finance",4,1.64,0.05,371,8,0.28,0.02,609,0.98,2.49,0,273,315,1150000
"Memphis (US)","Healthcare",8,2.94,0.09,371,125,0.68,0.05,609,1.9,4.93,0,273,315,1150000
"Memphis (US)","Semiconductor",6,0.25,0.01,371,3,0.06,0,609,0,0,0,273,315,1150000
"Mendoza (AR)","Automotive",0,0,0,993,1,0.19,0,946,0,0,0,438,438,1173000
"Mendoza (AR)","Energy",0,0,0,993,4,0.42,0.01,946,0,0,0,438,438,1173000
"Mendoza (AR)","Finance",0,0,0,993,0,0,0,946,0,0,0,438,438,1173000
"Mendoza (AR)","Healthcare",0,0,0,993,7,0.22,0,946,0,0,0,438,438,1173000
"Mendoza (AR)","Semiconductor",0,0,0,993,5,0.62,0.01,946,0,0,0,438,438,1173000
"Mersin (TR)","Automotive",0,0,0,885,5,0.37,0.01,620,0,0,0,459,414,1016000
"Mersin (TR)","Energy",0,0,0,885,20,0.8,0.03,620,0,0,0,459,414,1016000
"Mersin (TR)","Finance",0,0,0,885,7,0.54,0.02,620,0,0,0,459,414,1016000
"Mersin (TR)","Healthcare",0,0,0,885,54,0.64,0.02,620,0,0,0,459,414,1016000
"Mersin (TR)","Semiconductor",0,0,0,885,4,0.19,0.01,620,0,0,0,459,414,1016000
"Miami (US)","Automotive",42,1.97,0.7,25,22,0.29,0.05,195,1.75,0.01,0,31,56,6122000
"Miami (US)","Energy",10,0.99,0.35,25,60,0.43,0.08,195,109.64,4.41,1.13,31,56,6122000
"Miami (US)","Finance",45,1.54,0.55,25,37,0.5,0.09,195,309.05,2.71,0.69,31,56,6122000
"Miami (US)","Healthcare",84,2.58,0.92,25,349,0.74,0.13,195,120.15,1.08,0.28,31,56,6122000
"Miami (US)","Semiconductor",250,0.86,0.3,25,51,0.43,0.08,195,0.1,0,0,31,56,6122000
"Milano (IT)","Automotive",5,0.41,0.08,112,76,0.39,0.18,52,44.69,2.25,0.07,48,45,3140000
"Milano (IT)","Energy",5,0.87,0.18,112,229,0.65,0.29,52,1.47,0.49,0.02,48,45,3140000
"Milano (IT)","Finance",4,0.24,0.05,112,114,0.62,0.28,52,45.31,3.32,0.1,48,45,3140000
"Milano (IT)","Healthcare",7,0.38,0.08,112,948,0.8,0.36,52,30.83,2.31,0.07,48,45,3140000
"Milano (IT)","Semiconductor",80,0.48,0.1,112,425,1.41,0.63,52,1.57,0.11,0,48,45,3140000
"Milwaukee (US)","Automotive",12,1.7,0.2,88,10,0.28,0.02,462,0,0,0,69,158,1439000
"Milwaukee (US)","Energy",3,0.89,0.11,88,10,0.15,0.01,462,0,0,0,69,158,1439000
"Milwaukee (US)","Finance",9,0.93,0.11,88,15,0.44,0.04,462,29,5.8,0.07,69,158,1439000
"Milwaukee (US)","Healthcare",21,1.94,0.23,88,158,0.71,0.06,462,29,5.93,0.07,69,158,1439000
"Milwaukee (US)","Semiconductor",39,0.4,0.05,88,16,0.28,0.02,462,0,0,0,69,158,1439000
"Minneapolis-St. Paul (US)","Automotive",16,0.42,0.27,33,38,0.4,0.09,169,0,0,0,106,74,2926000
"Minneapolis-St. Paul (US)","Energy",7,0.39,0.25,33,43,0.25,0.05,169,0,0,0,106,74,2926000
"Minneapolis-St. Paul (US)","Finance",35,0.67,0.42,33,43,0.47,0.1,169,14.32,2.4,0.03,106,74,2926000
"Minneapolis-St. Paul (US)","Healthcare",90,1.54,0.98,33,490,0.83,0.18,169,58.3,9.99,0.13,106,74,2926000
"Minneapolis-St. Paul (US)","Semiconductor",190,0.36,0.23,33,69,0.46,0.1,169,1.07,0.17,0,106,74,2926000
"Mission Viejo (US)","Automotive",21,0.95,0.35,30,68,1.08,0.16,136,408.3,0.47,0.63,39,43,636000
"Mission Viejo (US)","Energy",9,0.86,0.32,30,45,0.39,0.06,136,0,0,0,39,43,636000
"Mission Viejo (US)","Finance",44,1.45,0.53,30,56,0.93,0.14,136,38.57,0.06,0.09,39,43,636000
"Mission Viejo (US)","Healthcare",47,1.39,0.51,30,473,1.22,0.18,136,134.64,0.23,0.31,39,43,636000
"Mission Viejo (US)","Semiconductor",195,0.65,0.24,30,182,1.85,0.27,136,80.96,0.13,0.17,39,43,636000
"Mobile (US)","Automotive",1,2.91,0.02,354,3,0.6,0.01,783,0,0,0,421,360,333000
"Mobile (US)","Energy",0,0,0,354,9,0.98,0.01,783,0,0,0,421,360,333000
"Mobile (US)","Finance",1,2.12,0.01,354,2,0.42,0,783,0,0,0,421,360,333000
"Mobile (US)","Healthcare",4,7.62,0.04,354,27,0.87,0.01,783,0,0,0,421,360,333000
"Mobile (US)","Semiconductor",8,1.7,0.01,354,6,0.76,0.01,783,0,0,0,421,360,333000
"Modena (IT)","Automotive",0,0,0,459,7,0.36,0.02,571,0,0,0,120,296,356000
"Modena (IT)","Energy",0,0,0,459,12,0.34,0.02,571,0,0,0,120,296,356000
"Modena (IT)","Finance",0,0,0,459,4,0.22,0.01,571,9.47,17.38,0.02,120,296,356000
"Modena (IT)","Healthcare",0,0,0,459,70,0.59,0.03,571,0,0,0,120,296,356000
"Modena (IT)","Semiconductor",1,0.03,0,459,21,0.7,0.03,571,0,0,0,120,296,356000
"Monterrey (MX)","Automotive",0,0,0,626,10,0.36,0.02,394,0,0,0,261,322,4874000
"Monterrey (MX)","Energy",0,0,0,626,28,0.54,0.04,394,0,0,0,261,322,4874000
"Monterrey (MX)","Finance",0,0,0,626,18,0.67,0.04,394,0.1,0.17,0,261,322,4874000
"Monterrey (MX)","Healthcare",0,0,0,626,101,0.58,0.04,394,0.1,0.17,0,261,322,4874000
"Monterrey (MX)","Semiconductor",2,0.42,0,626,24,0.55,0.04,394,0,0,0,261,322,4874000
"Montevideo (UY)","Automotive",0,0,0,455,2,0.11,0,658,0,0,0,163,321,1752000
"Montevideo (UY)","Energy",0,0,0,455,28,0.86,0.04,658,0,0,0,163,321,1752000
"Montevideo (UY)","Finance",1,2.1,0.01,455,8,0.47,0.02,658,4.88,4.84,0.01,163,321,1752000
"Montevideo (UY)","Healthcare",2,3.77,0.02,455,25,0.23,0.01,658,2.78,2.82,0.01,163,321,1752000
"Montevideo (UY)","Semiconductor",3,0.63,0,455,5,0.18,0.01,658,0,0,0,163,321,1752000
"Montgomery (US)","Automotive",0,0,0,732,0,0,0,990,0,0,0,353,429,352000
"Montgomery (US)","Energy",0,0,0,732,2,0.53,0,990,0,0,0,353,429,352000
"Montgomery (US)","Finance",0,0,0,732,2,1.02,0,990,0,0,0,353,429,352000
"Montgomery (US)","Healthcare",0,0,0,732,17,1.34,0.01,990,0,0,0,353,429,352000
"Montgomery (US)","Semiconductor",0,0,0,732,1,0.31,0,990,0,0,0,353,429,352000
"Montpellier (FR)","Automotive",4,1.23,0.07,125,8,0.15,0.02,399,0,0,0,230,193,462000
"Montpellier (FR)","Energy",12,7.74,0.42,125,28,0.28,0.04,399,0,0,0,230,193,462000
"Montpellier (FR)","Finance",4,0.89,0.05,125,12,0.23,0.03,399,0.09,0.37,0,230,193,462000
"Montpellier (FR)","Healthcare",6,1.2,0.07,125,127,0.38,0.05,399,4.6,19.2,0.01,230,193,462000
"Montpellier (FR)","Semiconductor",27,0.61,0.03,125,47,0.55,0.07,399,0,0,0,230,193,462000
"Montr<e9>al (CA)","Automotive",18,0.82,0.3,29,141,1.05,0.33,63,110.62,0.91,0.17,19,21,4221000
"Montr<e9>al (CA)","Energy",12,1.15,0.42,29,158,0.64,0.2,63,119.73,6.59,1.23,19,21,4221000
"Montr<e9>al (CA)","Finance",33,1.09,0.4,29,87,0.68,0.21,63,349.01,4.19,0.78,19,21,4221000
"Montr<e9>al (CA)","Healthcare",54,1.61,0.59,29,727,0.88,0.27,63,42.86,0.53,0.1,19,21,4221000
"Montr<e9>al (CA)","Semiconductor",235,0.78,0.29,29,213,1.01,0.31,63,200.14,2.24,0.42,19,21,4221000
"Muenster (DE)","Automotive",4,0.94,0.07,193,6,0.2,0.01,487,0,0,0,407,279,330000
"Muenster (DE)","Energy",0,0,0,193,11,0.2,0.01,487,0,0,0,407,279,330000
"Muenster (DE)","Finance",6,1.03,0.07,193,6,0.21,0.01,487,0,0,0,407,279,330000
"Muenster (DE)","Healthcare",2,0.31,0.02,193,111,0.61,0.04,487,0,0,0,407,279,330000
"Muenster (DE)","Semiconductor",14,0.24,0.02,193,102,2.21,0.15,487,0,0,0,407,279,330000
"Mumbai (IN)","Automotive",3,0.2,0.05,58,73,0.7,0.17,61,0,0,0,81,41,20411000
"Mumbai (IN)","Energy",7,0.97,0.25,58,262,1.38,0.33,61,0,0,0,81,41,20411000
"Mumbai (IN)","Finance",42,2.02,0.51,58,172,1.73,0.42,61,1092.39,16.69,2.45,81,41,20411000
"Mumbai (IN)","Healthcare",22,0.95,0.24,58,805,1.26,0.3,61,111.91,1.75,0.26,81,41,20411000
"Mumbai (IN)","Semiconductor",312,1.51,0.38,58,161,0.99,0.24,61,0,0,0,81,41,20411000
"Nagoya (JP)","Automotive",86,1.48,1.44,46,57,0.7,0.13,156,0,0,0,302,121,9552000
"Nagoya (JP)","Energy",2,0.07,0.07,46,79,0.53,0.1,156,0,0,0,302,121,9552000
"Nagoya (JP)","Finance",33,0.41,0.4,46,25,0.32,0.06,156,0,0,0,302,121,9552000
"Nagoya (JP)","Healthcare",23,0.26,0.25,46,327,0.65,0.12,156,0.82,1.03,0,302,121,9552000
"Nagoya (JP)","Semiconductor",320,0.4,0.39,46,148,1.16,0.22,156,0,0,0,302,121,9552000
"Nagpur (IN)","Automotive",0,0,0,483,36,1.83,0.08,219,0,0,0,363,275,2893000
"Nagpur (IN)","Energy",0,0,0,483,73,2.03,0.09,219,0,0,0,363,275,2893000
"Nagpur (IN)","Finance",0,0,0,483,40,2.13,0.1,219,0,0,0,363,275,2893000
"Nagpur (IN)","Healthcare",0,0,0,483,230,1.9,0.09,219,0,0,0,363,275,2893000
"Nagpur (IN)","Semiconductor",2,0.32,0,483,18,0.59,0.03,219,0,0,0,363,275,2893000
"Naha (JP)","Automotive",0,0,0,573,7,0.63,0.02,517,0,0,0,330,345,321000
"Naha (JP)","Energy",0,0,0,573,18,0.89,0.02,517,0,0,0,330,345,321000
"Naha (JP)","Finance",0,0,0,573,7,0.66,0.02,517,0,0,0,330,345,321000
"Naha (JP)","Healthcare",0,0,0,573,41,0.6,0.02,517,0,0,0,330,345,321000
"Naha (JP)","Semiconductor",3,0.68,0,573,49,2.84,0.07,517,0,0,0,330,345,321000
"Nairobi (KE)","Automotive",0,0,0,610,5,0.12,0.01,448,0,0,0,147,312,4735000
"Nairobi (KE)","Energy",0,0,0,610,37,0.47,0.05,448,0,0,0,147,312,4735000
"Nairobi (KE)","Finance",1,6.54,0.01,610,50,1.22,0.12,448,47.57,17.89,0.11,147,312,4735000
"Nairobi (KE)","Healthcare",0,0,0,610,177,0.67,0.07,448,0.3,0.12,0,147,312,4735000
"Nairobi (KE)","Semiconductor",1,0.66,0,610,1,0.01,0,448,0.4,0.14,0,147,312,4735000
"Nanchang (CN)","Automotive",1,1.15,0.02,307,111,1.27,0.26,78,0,0,0,400,205,3598000
"Nanchang (CN)","Energy",0,0,0,307,196,1.23,0.25,78,0,0,0,400,205,3598000
"Nanchang (CN)","Finance",0,0,0,307,86,1.03,0.21,78,1.57,4.33,0,400,205,3598000
"Nanchang (CN)","Healthcare",1,0.75,0.01,307,452,0.84,0.17,78,0,0,0,400,205,3598000
"Nanchang (CN)","Semiconductor",9,0.76,0.01,307,98,0.72,0.14,78,0,0,0,400,205,3598000
"Nanjing (CN)","Automotive",31,0.92,0.52,29,1053,2.17,2.43,3,0,0,0,287,76,8847000
"Nanjing (CN)","Energy",14,0.87,0.49,29,1433,1.61,1.81,3,0,0,0,287,76,8847000
"Nanjing (CN)","Finance",38,0.82,0.46,29,433,0.93,1.05,3,0,0,0,287,76,8847000
"Nanjing (CN)","Healthcare",19,0.37,0.21,29,2600,0.87,0.97,3,0,0,0,287,76,8847000
"Nanjing (CN)","Semiconductor",423,0.91,0.52,29,1240,1.63,1.83,3,17.34,1.8,0.04,287,76,8847000
"Nantes (FR)","Automotive",0,0,0,300,9,0.29,0.02,476,0,0,0,290,276,678000
"Nantes (FR)","Energy",1,1.04,0.04,300,26,0.45,0.03,476,0,0,0,290,276,678000
"Nantes (FR)","Finance",1,0.36,0.01,300,10,0.33,0.02,476,0,0,0,290,276,678000
"Nantes (FR)","Healthcare",0,0,0,300,112,0.58,0.04,476,5.69,17.18,0.01,290,276,678000
"Nantes (FR)","Semiconductor",18,0.65,0.02,300,9,0.18,0.01,476,0,0,0,290,276,678000
"Nantong (CN)","Automotive",1,0.23,0.02,196,29,1.13,0.07,235,0,0,0,275,181,2276000
"Nantong (CN)","Energy",1,0.49,0.04,196,41,0.88,0.05,235,0,0,0,275,181,2276000
"Nantong (CN)","Finance",2,0.34,0.02,196,33,1.35,0.08,235,0,0,0,275,181,2276000
"Nantong (CN)","Healthcare",2,0.3,0.02,196,198,1.25,0.07,235,0,0,0,275,181,2276000
"Nantong (CN)","Semiconductor",21,0.36,0.03,196,52,1.3,0.08,235,13.79,18.46,0.03,275,181,2276000
"Napoli (IT)","Automotive",2,1.28,0.03,272,38,0.61,0.09,173,0,0,0,355,208,2187000
"Napoli (IT)","Energy",1,1.34,0.04,272,65,0.57,0.08,173,0,0,0,355,208,2187000
"Napoli (IT)","Finance",0,0,0,272,27,0.45,0.07,173,0.78,2.95,0,355,208,2187000
"Napoli (IT)","Healthcare",2,0.84,0.02,272,313,0.81,0.12,173,0,0,0,355,208,2187000
"Napoli (IT)","Semiconductor",16,0.75,0.02,272,102,1.04,0.15,173,0,0,0,355,208,2187000
"Nashville-Davidson (US)","Automotive",0,0,0,217,52,0.87,0.12,209,0,0,0,79,122,1249000
"Nashville-Davidson (US)","Energy",0,0,0,217,37,0.34,0.05,209,0,0,0,79,122,1249000
"Nashville-Davidson (US)","Finance",4,0.8,0.05,217,21,0.37,0.05,209,152.48,5.17,0.34,79,122,1249000
"Nashville-Davidson (US)","Healthcare",8,1.44,0.09,217,490,1.32,0.18,209,97.12,3.37,0.22,79,122,1249000
"Nashville-Davidson (US)","Semiconductor",21,0.42,0.03,217,48,0.51,0.07,209,0,0,0,79,122,1249000
"New Haven (US)","Automotive",1,0.16,0.02,152,26,0.33,0.06,206,4,1.5,0.01,167,128,593000
"New Haven (US)","Energy",2,0.68,0.07,152,23,0.16,0.03,206,8.61,21.59,0.09,167,128,593000
"New Haven (US)","Finance",3,0.35,0.04,152,32,0.42,0.08,206,0,0,0,167,128,593000
"New Haven (US)","Healthcare",20,2.1,0.22,152,551,1.14,0.21,206,19.53,10.92,0.04,167,128,593000
"New Haven (US)","Semiconductor",30,0.35,0.04,152,215,1.75,0.32,206,0,0,0,167,128,593000
"New Orleans (US)","Automotive",2,1.33,0.03,287,9,0.35,0.02,502,0,0,0,356,294,992000
"New Orleans (US)","Energy",0,0,0,287,11,0.23,0.01,502,0,0,0,356,294,992000
"New Orleans (US)","Finance",1,0.48,0.01,287,8,0.33,0.02,502,0.4,7.53,0,356,294,992000
"New Orleans (US)","Healthcare",2,0.87,0.02,287,109,0.69,0.04,502,0,0,0,356,294,992000
"New Orleans (US)","Semiconductor",7,0.34,0.01,287,28,0.7,0.04,502,0,0,0,356,294,992000
"New York-Newark (US)","Automotive",163,1.62,2.72,7,315,0.66,0.73,15,212.1,0.08,0.33,4,3,18804000
"New York-Newark (US)","Energy",46,0.96,1.61,7,407,0.47,0.51,15,98.75,0.24,1.02,4,3,18804000
"New York-Newark (US)","Finance",380,2.75,4.61,7,422,0.93,1.02,15,5585.72,3,12.55,4,3,18804000
"New York-Newark (US)","Healthcare",312,2.03,3.41,7,3031,1.03,1.14,15,4647.5,2.55,10.68,4,3,18804000
"New York-Newark (US)","Semiconductor",1478,1.07,1.8,7,599,0.81,0.89,15,2636.71,1.32,5.53,4,3,18804000
"Newcastle upon Tyne (GB)","Automotive",1,0.44,0.02,242,44,0.67,0.1,132,0,0,0,121,119,809000
"Newcastle upon Tyne (GB)","Energy",0,0,0,242,101,0.84,0.13,132,1.19,3.89,0.01,121,119,809000
"Newcastle upon Tyne (GB)","Finance",2,0.64,0.02,242,65,1.04,0.16,132,0,0,0,121,119,809000
"Newcastle upon Tyne (GB)","Healthcare",2,0.57,0.02,242,348,0.86,0.13,132,11.03,8.04,0.03,121,119,809000
"Newcastle upon Tyne (GB)","Semiconductor",15,0.48,0.02,242,82,0.8,0.12,132,8.21,5.47,0.02,121,119,809000
"Nice-Cannes (FR)","Automotive",2,0.76,0.03,165,16,0.67,0.04,331,0,0,0,153,164,942000
"Nice-Cannes (FR)","Energy",0,0,0,165,54,1.24,0.07,331,0,0,0,153,164,942000
"Nice-Cannes (FR)","Finance",9,2.48,0.11,165,8,0.35,0.02,331,15.38,5.59,0.03,153,164,942000
"Nice-Cannes (FR)","Healthcare",4,0.99,0.04,165,151,1.03,0.06,331,15.57,5.78,0.04,153,164,942000
"Nice-Cannes (FR)","Semiconductor",39,1.08,0.05,165,69,1.86,0.1,331,0,0,0,153,164,942000
"Ningbo (CN)","Automotive",13,1.22,0.22,123,86,1.25,0.2,110,0,0,0,379,155,4116000
"Ningbo (CN)","Energy",2,0.39,0.07,123,89,0.71,0.11,110,0,0,0,379,155,4116000
"Ningbo (CN)","Finance",3,0.2,0.04,123,71,1.08,0.17,110,0,0,0,379,155,4116000
"Ningbo (CN)","Healthcare",3,0.18,0.03,123,321,0.76,0.12,110,14.87,10.06,0.03,379,155,4116000
"Ningbo (CN)","Semiconductor",77,0.53,0.09,123,110,1.02,0.16,110,0,0,0,379,155,4116000
"Nottingham (GB)","Automotive",2,0.6,0.03,235,56,0.87,0.13,128,0,0,0,221,147,788000
"Nottingham (GB)","Energy",0,0,0,235,101,0.86,0.13,128,0,0,0,221,147,788000
"Nottingham (GB)","Finance",0,0,0,235,45,0.73,0.11,128,3.16,8.52,0.01,221,147,788000
"Nottingham (GB)","Healthcare",4,0.78,0.04,235,373,0.94,0.14,128,3.84,10.58,0.01,221,147,788000
"Nottingham (GB)","Semiconductor",14,0.3,0.02,235,103,1.02,0.15,128,0,0,0,221,147,788000
"Novosibirsk (RU)","Automotive",0,0,0,332,8,0.17,0.02,356,0,0,0,422,286,1664000
"Novosibirsk (RU)","Energy",7,18.98,0.25,332,114,1.29,0.14,356,0,0,0,422,286,1664000
"Novosibirsk (RU)","Finance",1,0.94,0.01,332,12,0.26,0.03,356,0,0,0,422,286,1664000
"Novosibirsk (RU)","Healthcare",0,0,0,332,79,0.27,0.03,356,0.1,10.1,0,422,286,1664000
"Novosibirsk (RU)","Semiconductor",9,0.85,0.01,332,45,0.6,0.07,356,0,0,0,422,286,1664000
"Nurenberg (DE)","Automotive",28,1.83,0.47,60,38,0.95,0.09,227,0,0,0,429,184,512000
"Nurenberg (DE)","Energy",8,1.1,0.28,60,33,0.45,0.04,227,0,0,0,429,184,512000
"Nurenberg (DE)","Finance",11,0.52,0.13,60,16,0.42,0.04,227,0,0,0,429,184,512000
"Nurenberg (DE)","Healthcare",8,0.34,0.09,60,311,1.26,0.12,227,0,0,0,429,184,512000
"Nurenberg (DE)","Semiconductor",156,0.74,0.19,60,161,2.57,0.24,227,0,0,0,429,184,512000
"Ogden-Layton (US)","Automotive",0,0,0,313,0,0,0,1097,0,0,0,328,393,711000
"Ogden-Layton (US)","Energy",0,0,0,313,3,1.41,0,1097,0,0,0,328,393,711000
"Ogden-Layton (US)","Finance",3,1.76,0.04,313,1,0.9,0,1097,0,0,0,328,393,711000
"Ogden-Layton (US)","Healthcare",2,1.06,0.02,313,3,0.42,0,1097,0,0,0,328,393,711000
"Ogden-Layton (US)","Semiconductor",8,0.47,0.01,313,0,0,0,1097,0,0,0,328,393,711000
"Oklahoma City (US)","Automotive",1,0.7,0.02,283,13,0.4,0.03,297,6.31,6.49,0.01,114,174,989000
"Oklahoma City (US)","Energy",0,0,0,283,72,1.2,0.09,297,0.1,0.69,0,114,174,989000
"Oklahoma City (US)","Finance",3,1.52,0.04,283,15,0.48,0.04,297,3.03,4.53,0.01,114,174,989000
"Oklahoma City (US)","Healthcare",5,2.28,0.05,283,191,0.95,0.07,297,3.77,5.76,0.01,114,174,989000
"Oklahoma City (US)","Semiconductor",12,0.61,0.01,283,39,0.76,0.06,297,0,0,0,114,174,989000
"Omaha (US)","Automotive",4,2.58,0.07,231,9,0.35,0.02,521,0,0,0,169,240,835000
"Omaha (US)","Energy",0,0,0,231,6,0.13,0.01,521,0,0,0,169,240,835000
"Omaha (US)","Finance",1,0.47,0.01,231,14,0.57,0.03,521,6.5,5.74,0.01,169,240,835000
"Omaha (US)","Healthcare",6,2.53,0.07,231,122,0.78,0.05,521,1.57,1.42,0,169,240,835000
"Omaha (US)","Semiconductor",8,0.38,0.01,231,10,0.25,0.01,521,6.5,5.36,0.01,169,240,835000
"Orlando (US)","Automotive",18,3,0.3,83,58,2.08,0.13,231,77.74,1.32,0.12,51,87,1964000
"Orlando (US)","Energy",2,0.7,0.07,83,36,0.7,0.05,231,0,0,0,51,87,1964000
"Orlando (US)","Finance",8,0.97,0.1,83,21,0.78,0.05,231,126.77,3.12,0.28,51,87,1964000
"Orlando (US)","Healthcare",14,1.53,0.15,83,177,1.03,0.07,231,185.5,4.67,0.43,51,87,1964000
"Orlando (US)","Semiconductor",76,0.92,0.09,83,102,2.33,0.15,231,0,0,0,51,87,1964000
"Oslo (NO)","Automotive",0,0,0,158,51,0.56,0.12,144,0,0,0,70,90,1041000
"Oslo (NO)","Energy",5,2.05,0.18,158,166,0.99,0.21,144,28.46,16.49,0.29,70,90,1041000
"Oslo (NO)","Finance",7,0.99,0.08,158,37,0.42,0.09,144,3.82,0.48,0.01,70,90,1041000
"Oslo (NO)","Healthcare",7,0.89,0.08,158,400,0.71,0.15,144,33.48,4.32,0.08,70,90,1041000
"Oslo (NO)","Semiconductor",38,0.54,0.05,158,46,0.32,0.07,144,0,0,0,70,90,1041000
"Ottawa-Gatineau (CA)","Automotive",5,0.54,0.08,76,87,0.88,0.2,80,8.48,0.24,0.01,60,47,1393000
"Ottawa-Gatineau (CA)","Energy",3,0.69,0.11,76,171,0.95,0.22,80,7.12,1.37,0.07,60,47,1393000
"Ottawa-Gatineau (CA)","Finance",21,1.66,0.25,76,57,0.6,0.14,80,412.11,17.27,0.93,60,47,1393000
"Ottawa-Gatineau (CA)","Healthcare",14,1,0.15,76,431,0.71,0.16,80,0,0,0,60,47,1393000
"Ottawa-Gatineau (CA)","Semiconductor",121,0.96,0.15,76,222,1.44,0.33,80,14.03,0.55,0.03,60,47,1393000
"Oxnard (US)","Automotive",5,0.82,0.08,118,11,0.85,0.03,516,0,0,0,107,190,397000
"Oxnard (US)","Energy",1,0.35,0.04,118,8,0.34,0.01,516,6,2.1,0.06,107,190,397000
"Oxnard (US)","Finance",12,1.44,0.15,118,9,0.73,0.02,516,0,0,0,107,190,397000
"Oxnard (US)","Healthcare",8,0.86,0.09,118,86,1.08,0.03,516,33.18,2.59,0.08,107,190,397000
"Oxnard (US)","Semiconductor",33,0.4,0.04,118,20,0.99,0.03,516,59.04,4.22,0.12,107,190,397000
"P<f4>rto Alegre (BR)","Automotive",0,0,0,245,16,0.27,0.04,264,0,0,0,115,159,4137000
"P<f4>rto Alegre (BR)","Energy",0,0,0,245,68,0.64,0.09,264,0,0,0,115,159,4137000
"P<f4>rto Alegre (BR)","Finance",4,3.12,0.05,245,26,0.47,0.06,264,39.5,9.5,0.09,115,159,4137000
"P<f4>rto Alegre (BR)","Healthcare",1,0.7,0.01,245,170,0.47,0.06,264,0,0,0,115,159,4137000
"P<f4>rto Alegre (BR)","Semiconductor",32,2.51,0.04,245,34,0.37,0.05,264,1.02,0.23,0,115,159,4137000
"Padova (IT)","Automotive",0,0,0,297,33,0.59,0.08,223,1.35,2.25,0,197,185,684000
"Padova (IT)","Energy",1,1.5,0.04,297,57,0.56,0.07,223,0,0,0,197,185,684000
"Padova (IT)","Finance",0,0,0,297,18,0.34,0.04,223,0,0,0,197,185,684000
"Padova (IT)","Healthcare",3,1.4,0.03,297,256,0.74,0.1,223,0.25,0.62,0,197,185,684000
"Padova (IT)","Semiconductor",8,0.42,0.01,297,66,0.75,0.1,223,0,0,0,197,185,684000
"Palermo (IT)","Automotive",0,0,0,443,5,0.2,0.01,463,0,0,0,171,278,851000
"Palermo (IT)","Energy",1,8.03,0.04,443,35,0.78,0.04,463,0,0,0,171,278,851000
"Palermo (IT)","Finance",1,2.78,0.01,443,5,0.21,0.01,463,0,0,0,171,278,851000
"Palermo (IT)","Healthcare",1,2.5,0.01,443,107,0.7,0.04,463,0,0,0,171,278,851000
"Palermo (IT)","Semiconductor",3,0.84,0,443,41,1.06,0.06,463,0,0,0,171,278,851000
"Palm Bay-Melbourne (US)","Automotive",0,0,0,261,13,2.15,0.03,531,0,0,0,189,257,519000
"Palm Bay-Melbourne (US)","Energy",2,2.66,0.07,261,20,1.81,0.03,531,0,0,0,189,257,519000
"Palm Bay-Melbourne (US)","Finance",2,0.92,0.02,261,6,1.04,0.01,531,0.46,19.76,0,189,257,519000
"Palm Bay-Melbourne (US)","Healthcare",2,0.83,0.02,261,44,1.18,0.02,531,0,0,0,189,257,519000
"Palm Bay-Melbourne (US)","Semiconductor",29,1.34,0.04,261,15,1.59,0.02,531,0,0,0,189,257,519000
"Paris (FR)","Automotive",94,1.36,1.57,16,354,0.58,0.82,11,86.28,0.12,0.13,9,6,11017000
"Paris (FR)","Energy",27,0.82,0.95,16,854,0.76,1.08,11,94.01,0.84,0.97,9,6,11017000
"Paris (FR)","Finance",61,0.64,0.74,16,301,0.51,0.73,11,678.43,1.32,1.52,9,6,11017000
"Paris (FR)","Healthcare",78,0.74,0.85,16,2394,0.64,0.9,11,988.66,1.96,2.27,9,6,11017000
"Paris (FR)","Semiconductor",608,0.64,0.74,16,1330,1.39,1.97,11,216.77,0.39,0.45,9,6,11017000
"Parma (IT)","Automotive",1,0.62,0.02,467,5,0.28,0.01,519,0,0,0,443,346,328000
"Parma (IT)","Energy",0,0,0,467,11,0.34,0.01,519,0,0,0,443,346,328000
"Parma (IT)","Finance",0,0,0,467,8,0.47,0.02,519,0,0,0,443,346,328000
"Parma (IT)","Healthcare",0,0,0,467,86,0.79,0.03,519,0,0,0,443,346,328000
"Parma (IT)","Semiconductor",0,0,0,467,51,1.85,0.08,519,0,0,0,443,346,328000
"Pensacola (US)","Automotive",0,0,0,568,10,2.28,0.02,718,0,0,0,367,379,355000
"Pensacola (US)","Energy",0,0,0,568,2,0.25,0,718,0,0,0,367,379,355000
"Pensacola (US)","Finance",1,2.37,0.01,568,8,1.9,0.02,718,0,0,0,367,379,355000
"Pensacola (US)","Healthcare",0,0,0,568,41,1.51,0.02,718,0,0,0,367,379,355000
"Pensacola (US)","Semiconductor",3,0.71,0,568,5,0.73,0.01,718,0,0,0,367,379,355000
"Perm (RU)","Automotive",0,0,0,618,0,0,0,973,0,0,0,343,410,1071000
"Perm (RU)","Energy",0,0,0,618,10,0.87,0.01,973,0,0,0,343,410,1071000
"Perm (RU)","Finance",0,0,0,618,2,0.33,0,973,0,0,0,343,410,1071000
"Perm (RU)","Healthcare",3,7.32,0.03,618,8,0.21,0,973,0,0,0,343,410,1071000
"Perm (RU)","Semiconductor",3,0.82,0,618,2,0.2,0,973,0,0,0,343,410,1071000
"Perth (AU)","Automotive",2,0.73,0.03,148,41,0.51,0.09,121,0,0,0,300,142,2042000
"Perth (AU)","Energy",2,1.52,0.07,148,167,1.14,0.21,121,0,0,0,300,142,2042000
"Perth (AU)","Finance",7,1.85,0.08,148,75,0.98,0.18,121,0,0,0,300,142,2042000
"Perth (AU)","Healthcare",10,2.37,0.11,148,333,0.67,0.12,121,0,0,0,300,142,2042000
"Perth (AU)","Semiconductor",19,0.5,0.02,148,76,0.61,0.11,121,0,0,0,300,142,2042000
"Pescara (IT)","Automotive",1,2.39,0.02,550,4,0.36,0.01,731,0,0,0,304,366,377000
"Pescara (IT)","Energy",0,0,0,550,10,0.5,0.01,731,0,0,0,304,366,377000
"Pescara (IT)","Finance",0,0,0,550,3,0.29,0.01,731,0,0,0,304,366,377000
"Pescara (IT)","Healthcare",0,0,0,550,44,0.65,0.02,731,0.71,16.11,0,304,366,377000
"Pescara (IT)","Semiconductor",3,0.52,0,550,3,0.17,0,731,0,0,0,304,366,377000
"Philadelphia (US)","Automotive",22,0.78,0.37,39,85,0.46,0.2,96,0.2,0,0,36,35,5717000
"Philadelphia (US)","Energy",4,0.3,0.14,39,64,0.19,0.08,96,3.43,0.26,0.04,36,35,5717000
"Philadelphia (US)","Finance",29,0.75,0.35,39,68,0.38,0.16,96,340.2,5.58,0.76,36,35,5717000
"Philadelphia (US)","Healthcare",55,1.28,0.6,39,1151,1,0.43,96,215.16,3.61,0.49,36,35,5717000
"Philadelphia (US)","Semiconductor",153,0.4,0.19,39,172,0.59,0.25,96,10.2,0.16,0.02,36,35,5717000
"Phnom Penh (KH)","Automotive",0,0,0,1026,2,0.12,0,566,0,0,0,420,421,2078000
"Phnom Penh (KH)","Energy",0,0,0,1026,15,0.5,0.02,566,0,0,0,420,421,2078000
"Phnom Penh (KH)","Finance",0,0,0,1026,17,1.08,0.04,566,0,0,0,420,421,2078000
"Phnom Penh (KH)","Healthcare",0,0,0,1026,115,1.13,0.04,566,0,0,0,420,421,2078000
"Phnom Penh (KH)","Semiconductor",0,0,0,1026,4,0.16,0.01,566,0,0,0,420,421,2078000
"Phoenix-Mesa (US)","Automotive",10,0.55,0.17,44,91,0.97,0.21,90,19,0.47,0.03,25,33,4511000
"Phoenix-Mesa (US)","Energy",7,0.8,0.25,44,92,0.54,0.12,90,90.35,14.93,0.93,25,33,4511000
"Phoenix-Mesa (US)","Finance",35,1.39,0.42,44,56,0.63,0.14,90,157.93,5.69,0.35,25,33,4511000
"Phoenix-Mesa (US)","Healthcare",35,1.25,0.38,44,688,1.19,0.26,90,99.93,3.68,0.23,25,33,4511000
"Phoenix-Mesa (US)","Semiconductor",208,0.83,0.25,44,171,1.17,0.25,90,2.98,0.1,0.01,25,33,4511000
"Pittsburgh (US)","Automotive",37,2.68,0.62,45,174,1.52,0.4,67,1018.85,2.32,1.58,28,28,1704000
"Pittsburgh (US)","Energy",5,0.76,0.18,45,101,0.48,0.13,67,8.1,0.12,0.08,28,28,1704000
"Pittsburgh (US)","Finance",16,0.84,0.19,45,75,0.68,0.18,67,26.39,0.09,0.06,28,28,1704000
"Pittsburgh (US)","Healthcare",52,2.46,0.57,45,945,1.34,0.35,67,828.93,2.8,1.9,28,28,1704000
"Pittsburgh (US)","Semiconductor",107,0.57,0.13,45,227,1.27,0.34,67,7.6,0.02,0.02,28,28,1704000
"Pohang (KR)","Automotive",5,0.53,0.08,140,32,2.04,0.07,364,70.31,5.86,0.11,257,196,359000
"Pohang (KR)","Energy",1,0.22,0.04,140,36,1.25,0.05,364,0,0,0,257,196,359000
"Pohang (KR)","Finance",3,0.23,0.04,140,5,0.33,0.01,364,0,0,0,257,196,359000
"Pohang (KR)","Healthcare",12,0.83,0.13,140,91,0.94,0.03,364,11.21,1.39,0.03,257,196,359000
"Pohang (KR)","Semiconductor",33,0.26,0.04,140,106,4.31,0.16,364,0,0,0,257,196,359000
"Port St. Lucie (US)","Automotive",2,1.31,0.03,259,1,0.31,0,1017,0,0,0,234,354,521000
"Port St. Lucie (US)","Energy",0,0,0,259,1,0.17,0,1017,0,0,0,234,354,521000
"Port St. Lucie (US)","Finance",1,0.48,0.01,259,0,0,0,1017,7.1,3.23,0.02,234,354,521000
"Port St. Lucie (US)","Healthcare",2,0.85,0.02,259,14,0.71,0.01,1017,0,0,0,234,354,521000
"Port St. Lucie (US)","Semiconductor",10,0.48,0.01,259,2,0.4,0,1017,0,0,0,234,354,521000
"Portland (US)","Automotive",10,0.48,0.17,37,29,0.55,0.07,280,0,0,0,72,95,2151000
"Portland (US)","Energy",9,0.9,0.32,37,46,0.48,0.06,280,7.5,1.14,0.08,72,95,2151000
"Portland (US)","Finance",27,0.93,0.33,37,19,0.38,0.05,280,13.72,0.46,0.03,72,95,2151000
"Portland (US)","Healthcare",42,1.31,0.46,37,213,0.66,0.08,280,45.81,1.56,0.11,72,95,2151000
"Portland (US)","Semiconductor",366,1.27,0.45,37,24,0.29,0.04,280,0,0,0,72,95,2151000
"Porto (PT)","Automotive",7,2.81,0.12,204,37,0.46,0.09,125,0,0,0,347,170,1313000
"Porto (PT)","Energy",1,0.84,0.04,204,97,0.67,0.12,125,0,0,0,347,170,1313000
"Porto (PT)","Finance",0,0,0,204,65,0.85,0.16,125,0,0,0,347,170,1313000
"Porto (PT)","Healthcare",6,1.57,0.07,204,415,0.84,0.16,125,10.41,10.72,0.02,347,170,1313000
"Porto (PT)","Semiconductor",17,0.5,0.02,204,114,0.91,0.17,125,0,0,0,347,170,1313000
"Poughkeepsie-Newburgh (US)","Automotive",2,0.32,0.03,89,17,2.11,0.04,384,0,0,0,223,176,507000
"Poughkeepsie-Newburgh (US)","Energy",10,3.38,0.35,89,15,1.01,0.02,384,0,0,0,223,176,507000
"Poughkeepsie-Newburgh (US)","Finance",5,0.59,0.06,89,18,2.33,0.04,384,0,0,0,223,176,507000
"Poughkeepsie-Newburgh (US)","Healthcare",12,1.26,0.13,89,75,1.51,0.03,384,14.68,7.11,0.03,223,176,507000
"Poughkeepsie-Newburgh (US)","Semiconductor",331,3.89,0.4,89,90,7.12,0.13,384,0,0,0,223,176,507000
"Pozna? (PL)","Automotive",1,1.88,0.02,465,8,0.2,0.02,389,0,0,0,303,299,531000
"Pozna? (PL)","Energy",0,0,0,465,23,0.31,0.03,389,0.27,1.36,0,303,299,531000
"Pozna? (PL)","Finance",2,2.73,0.02,465,21,0.54,0.05,389,0,0,0,303,299,531000
"Pozna? (PL)","Healthcare",0,0,0,465,110,0.44,0.04,389,5.8,6.53,0.01,303,299,531000
"Pozna? (PL)","Semiconductor",8,1.1,0.01,465,39,0.62,0.06,389,0,0,0,303,299,531000
"Praha (CZ)","Automotive",3,1.17,0.05,237,37,0.32,0.09,137,0,0,0,96,117,1306000
"Praha (CZ)","Energy",0,0,0,237,153,0.71,0.19,137,0,0,0,96,117,1306000
"Praha (CZ)","Finance",1,0.28,0.01,237,35,0.31,0.08,137,43.15,9.12,0.1,96,117,1306000
"Praha (CZ)","Healthcare",1,0.25,0.01,237,308,0.43,0.12,137,1.35,0.29,0,96,117,1306000
"Praha (CZ)","Semiconductor",26,0.74,0.03,237,141,0.77,0.21,137,0.45,0.09,0,96,117,1306000
"Pretoria (ZA)","Automotive",0,0,0,341,10,0.19,0.02,291,0.11,3.94,0,179,213,2566000
"Pretoria (ZA)","Energy",0,0,0,341,97,1.01,0.12,291,0,0,0,179,213,2566000
"Pretoria (ZA)","Finance",2,1.95,0.02,341,48,0.96,0.12,291,0,0,0,179,213,2566000
"Pretoria (ZA)","Healthcare",0,0,0,341,191,0.59,0.07,291,0,0,0,179,213,2566000
"Pretoria (ZA)","Semiconductor",3,0.29,0,341,9,0.11,0.01,291,0,0,0,179,213,2566000
"Providence (US)","Automotive",3,0.51,0.05,103,19,0.37,0.04,320,0,0,0,180,152,1200000
"Providence (US)","Energy",5,1.78,0.18,103,33,0.36,0.04,320,0,0,0,180,152,1200000
"Providence (US)","Finance",10,1.23,0.12,103,10,0.21,0.02,320,0.58,0.03,0,180,152,1200000
"Providence (US)","Healthcare",17,1.89,0.19,103,274,0.88,0.1,320,1.1,0.06,0,180,152,1200000
"Providence (US)","Semiconductor",45,0.56,0.05,103,44,0.56,0.07,320,0,0,0,180,152,1200000
"Provo-Orem (US)","Automotive",7,2,0.12,114,8,0.55,0.02,607,0,0,0,197,238,766000
"Provo-Orem (US)","Energy",1,0.6,0.04,114,14,0.53,0.02,607,0,0,0,197,238,766000
"Provo-Orem (US)","Finance",19,3.95,0.23,114,4,0.29,0.01,607,0.25,0.06,0,197,238,766000
"Provo-Orem (US)","Healthcare",8,1.49,0.09,114,42,0.47,0.02,607,48.04,11.85,0.11,197,238,766000
"Provo-Orem (US)","Semiconductor",38,0.79,0.05,114,12,0.53,0.02,607,0,0,0,197,238,766000
"Puebla (MX)","Automotive",0,0,0,837,2,0.13,0,526,0,0,0,417,395,3195000
"Puebla (MX)","Energy",0,0,0,837,16,0.56,0.02,526,0,0,0,417,395,3195000
"Puebla (MX)","Finance",0,0,0,837,16,1.06,0.04,526,0,0,0,417,395,3195000
"Puebla (MX)","Healthcare",0,0,0,837,60,0.62,0.02,526,0,0,0,417,395,3195000
"Puebla (MX)","Semiconductor",0,0,0,837,33,1.34,0.05,526,0,0,0,417,395,3195000
"Pune (IN)","Automotive",8,0.97,0.13,62,155,1.96,0.36,45,0.05,0.01,0,93,41,6629000
"Pune (IN)","Energy",9,2.28,0.32,62,248,1.71,0.31,45,0,0,0,93,41,6629000
"Pune (IN)","Finance",33,2.9,0.4,62,324,4.28,0.78,45,9.79,1.5,0.02,93,41,6629000
"Pune (IN)","Healthcare",10,0.79,0.11,62,1231,2.52,0.46,45,15.36,2.41,0.04,93,41,6629000
"Pune (IN)","Semiconductor",119,1.05,0.15,62,106,0.86,0.16,45,0,0,0,93,41,6629000
"Qingdao (CN)","Automotive",9,0.31,0.15,67,246,1.4,0.57,37,0,0,0,175,64,5620000
"Qingdao (CN)","Energy",16,1.15,0.56,67,533,1.65,0.67,37,239.65,45.31,2.47,175,64,5620000
"Qingdao (CN)","Finance",11,0.27,0.13,67,114,0.68,0.28,37,0,0,0,175,64,5620000
"Qingdao (CN)","Healthcare",5,0.11,0.05,67,765,0.7,0.29,37,0,0,0,175,64,5620000
"Qingdao (CN)","Semiconductor",270,0.67,0.33,67,219,0.8,0.32,37,0,0,0,175,64,5620000
"Qu<e9>bec (CA)","Automotive",4,0.82,0.07,142,7,0.18,0.02,391,0,0,0,144,171,826000
"Qu<e9>bec (CA)","Energy",1,0.43,0.04,142,27,0.38,0.03,391,4.38,4.43,0.05,144,171,826000
"Qu<e9>bec (CA)","Finance",6,0.89,0.07,142,12,0.32,0.03,391,8.92,1.97,0.02,144,171,826000
"Qu<e9>bec (CA)","Healthcare",9,1.2,0.1,142,123,0.51,0.05,391,11,2.48,0.03,144,171,826000
"Qu<e9>bec (CA)","Semiconductor",35,0.52,0.04,142,90,1.48,0.13,391,0,0,0,144,171,826000
"Quzhou (CN)","Automotive",0,0,0,432,15,2.16,0.03,592,0,0,0,280,325,758000
"Quzhou (CN)","Energy",0,0,0,432,9,0.71,0.01,592,0,0,0,280,325,758000
"Quzhou (CN)","Finance",0,0,0,432,4,0.6,0.01,592,0,0,0,280,325,758000
"Quzhou (CN)","Healthcare",0,0,0,432,73,1.7,0.03,592,0,0,0,280,325,758000
"Quzhou (CN)","Semiconductor",0,0,0,432,10,0.92,0.01,592,0,0,0,280,325,758000
"Rabat (MA)","Automotive",0,0,0,462,25,0.81,0.06,179,0,0,0,366,263,1885000
"Rabat (MA)","Energy",0,0,0,462,172,3.06,0.22,179,0,0,0,366,263,1885000
"Rabat (MA)","Finance",1,2.97,0.01,462,55,1.87,0.13,179,0.15,7.41,0,366,263,1885000
"Rabat (MA)","Healthcare",1,2.67,0.01,462,227,1.2,0.09,179,0.25,12.62,0,366,263,1885000
"Rabat (MA)","Semiconductor",3,0.89,0,462,25,0.52,0.04,179,0,0,0,366,263,1885000
"Raipur (IN)","Automotive",0,0,0,766,11,0.56,0.03,251,0,0,0,437,350,1642000
"Raipur (IN)","Energy",0,0,0,766,74,2.06,0.09,251,0,0,0,437,350,1642000
"Raipur (IN)","Finance",0,0,0,766,50,2.66,0.12,251,0,0,0,437,350,1642000
"Raipur (IN)","Healthcare",0,0,0,766,230,1.9,0.09,251,0,0,0,437,350,1642000
"Raipur (IN)","Semiconductor",0,0,0,766,25,0.81,0.04,251,0,0,0,437,350,1642000
"Rajkot (IN)","Automotive",0,0,0,551,7,1.31,0.02,540,0,0,0,181,319,1878000
"Rajkot (IN)","Energy",0,0,0,551,25,2.56,0.03,540,0,0,0,181,319,1878000
"Rajkot (IN)","Finance",2,8.24,0.02,551,14,2.74,0.03,540,0,0,0,181,319,1878000
"Rajkot (IN)","Healthcare",0,0,0,551,83,2.53,0.03,540,0,0,0,181,319,1878000
"Rajkot (IN)","Semiconductor",4,1.65,0,551,3,0.36,0,540,0,0,0,181,319,1878000
"Raleigh (US)","Automotive",5,0.5,0.08,75,32,0.83,0.07,215,2.75,0.07,0,63,85,1444000
"Raleigh (US)","Energy",4,0.83,0.14,75,44,0.62,0.06,215,0,0,0,63,85,1444000
"Raleigh (US)","Finance",14,1.01,0.17,75,28,0.76,0.07,215,77.5,2.89,0.17,63,85,1444000
"Raleigh (US)","Healthcare",20,1.3,0.22,75,187,0.79,0.07,215,24.17,0.92,0.06,63,85,1444000
"Raleigh (US)","Semiconductor",85,0.62,0.1,75,105,1.74,0.16,215,0.34,0.01,0,63,85,1444000
"Ranchi (IN)","Automotive",0,0,0,318,7,0.59,0.02,379,0,0,0,251,243,1439000
"Ranchi (IN)","Energy",0,0,0,318,31,1.43,0.04,379,0,0,0,251,243,1439000
"Ranchi (IN)","Finance",2,4.32,0.02,318,32,2.82,0.08,379,0.59,9.4,0,251,243,1439000
"Ranchi (IN)","Healthcare",1,1.94,0.01,318,160,2.19,0.06,379,0,0,0,251,243,1439000
"Ranchi (IN)","Semiconductor",9,1.95,0.01,318,12,0.65,0.02,379,0,0,0,251,243,1439000
"Reading-Wokingham (GB)","Automotive",14,1.01,0.23,77,113,1.84,0.26,127,0,0,0,80,68,342000
"Reading-Wokingham (GB)","Energy",3,0.46,0.11,77,78,0.69,0.1,127,17.72,23.33,0.18,80,68,342000
"Reading-Wokingham (GB)","Finance",11,0.58,0.13,77,46,0.78,0.11,127,15.31,4.4,0.03,80,68,342000
"Reading-Wokingham (GB)","Healthcare",11,0.52,0.12,77,378,1,0.14,127,12.53,3.68,0.03,80,68,342000
"Reading-Wokingham (GB)","Semiconductor",75,0.4,0.09,77,97,1.01,0.14,127,0,0,0,80,68,342000
"Recife (BR)","Automotive",0,0,0,868,24,0.54,0.06,218,0.19,3,0,334,345,4127000
"Recife (BR)","Energy",0,0,0,868,83,1.02,0.1,218,0,0,0,334,345,4127000
"Recife (BR)","Finance",0,0,0,868,70,1.65,0.17,218,0,0,0,334,345,4127000
"Recife (BR)","Healthcare",0,0,0,868,109,0.4,0.04,218,0.19,4.46,0,334,345,4127000
"Recife (BR)","Semiconductor",1,0.97,0,868,39,0.56,0.06,218,0,0,0,334,345,4127000
"Rennes (FR)","Automotive",2,0.27,0.03,219,26,0.75,0.06,341,1.04,2.26,0,225,205,354000
"Rennes (FR)","Energy",0,0,0,219,21,0.33,0.03,341,0,0,0,225,205,354000
"Rennes (FR)","Finance",1,0.1,0.01,219,15,0.45,0.04,341,0,0,0,225,205,354000
"Rennes (FR)","Healthcare",0,0,0,219,118,0.55,0.04,341,2.52,8.12,0.01,225,205,354000
"Rennes (FR)","Semiconductor",97,0.97,0.12,219,73,1.34,0.11,341,0,0,0,225,205,354000
"Reno (US)","Automotive",1,0.45,0.02,215,7,0.5,0.02,478,0,0,0,164,227,504000
"Reno (US)","Energy",0,0,0,215,39,1.53,0.05,478,0,0,0,164,227,504000
"Reno (US)","Finance",5,1.62,0.06,215,7,0.53,0.02,478,3.75,0.22,0.01,164,227,504000
"Reno (US)","Healthcare",6,1.75,0.07,215,74,0.86,0.03,478,0,0,0,164,227,504000
"Reno (US)","Semiconductor",28,0.91,0.03,215,14,0.64,0.02,478,309.37,17.02,0.65,164,227,504000
"Richmond (US)","Automotive",2,0.34,0.03,141,11,0.35,0.03,363,0,0,0,97,151,1105000
"Richmond (US)","Energy",3,1.07,0.11,141,27,0.47,0.03,363,0,0,0,97,151,1105000
"Richmond (US)","Finance",4,0.49,0.05,141,17,0.57,0.04,363,7.9,3.59,0.02,97,151,1105000
"Richmond (US)","Healthcare",9,1,0.1,141,151,0.78,0.06,363,19,8.83,0.04,97,151,1105000
"Richmond (US)","Semiconductor",33,0.41,0.04,141,40,0.82,0.06,363,0,0,0,97,151,1105000
"Riga (LV)","Automotive",0,0,0,471,4,0.18,0.01,372,0,0,0,326,301,631000
"Riga (LV)","Energy",0,0,0,471,28,0.7,0.04,372,0,0,0,326,301,631000
"Riga (LV)","Finance",1,0.88,0.01,471,31,1.48,0.07,372,0.6,3.1,0,326,301,631000
"Riga (LV)","Healthcare",0,0,0,471,165,1.23,0.06,372,0,0,0,326,301,631000
"Riga (LV)","Semiconductor",3,0.27,0,471,33,0.97,0.05,372,0,0,0,326,301,631000
"Rio de Janeiro (BR)","Automotive",1,0.49,0.02,184,40,0.27,0.09,107,0,0,0,194,118,13458000
"Rio de Janeiro (BR)","Energy",9,9.18,0.32,184,233,0.87,0.29,107,0,0,0,194,118,13458000
"Rio de Janeiro (BR)","Finance",3,1.06,0.04,184,83,0.59,0.2,107,6.39,1.59,0.01,194,118,13458000
"Rio de Janeiro (BR)","Healthcare",4,1.27,0.04,184,313,0.35,0.12,107,0.61,0.16,0,194,118,13458000
"Rio de Janeiro (BR)","Semiconductor",7,0.25,0.01,184,107,0.47,0.16,107,0,0,0,194,118,13458000
"Rochester (US)","Automotive",16,2.01,0.27,69,51,1.37,0.12,214,0,0,0,160,109,743000
"Rochester (US)","Energy",2,0.53,0.07,69,24,0.35,0.03,214,0,0,0,160,109,743000
"Rochester (US)","Finance",8,0.73,0.1,69,31,0.87,0.07,214,0,0,0,160,109,743000
"Rochester (US)","Healthcare",32,2.64,0.35,69,266,1.16,0.1,214,40,7.84,0.09,160,109,743000
"Rochester (US)","Semiconductor",86,0.79,0.1,69,164,2.83,0.24,214,15,2.69,0.03,160,109,743000
"Roma (IT)","Automotive",7,1.38,0.12,128,88,0.39,0.2,44,0.12,0.12,0,118,70,4257000
"Roma (IT)","Energy",2,0.83,0.07,128,356,0.87,0.45,44,0,0,0,118,70,4257000
"Roma (IT)","Finance",5,0.72,0.06,128,107,0.5,0.26,44,2.15,3.2,0,118,70,4257000
"Roma (IT)","Healthcare",7,0.9,0.08,128,1054,0.76,0.4,44,0.55,0.84,0,118,70,4257000
"Roma (IT)","Semiconductor",35,0.5,0.04,128,299,0.85,0.44,44,0,0,0,118,70,4257000
"Rosario (AR)","Automotive",0,0,0,638,0,0,0,1023,0,0,0,381,427,1532000
"Rosario (AR)","Energy",0,0,0,638,2,0.16,0,1023,0,0,0,381,427,1532000
"Rosario (AR)","Finance",0,0,0,638,0,0,0,1023,0,0,0,381,427,1532000
"Rosario (AR)","Healthcare",0,0,0,638,7,0.17,0,1023,0.1,20.2,0,381,427,1532000
"Rosario (AR)","Semiconductor",1,0.74,0,638,4,0.37,0.01,1023,0,0,0,381,427,1532000
"Rotterdam (NL)","Automotive",1,0.19,0.02,194,27,0.29,0.06,220,0,0,0,233,163,1010000
"Rotterdam (NL)","Energy",2,0.79,0.07,194,21,0.12,0.03,220,0,0,0,233,163,1010000
"Rotterdam (NL)","Finance",1,0.14,0.01,194,52,0.58,0.13,220,2.29,3.67,0.01,233,163,1010000
"Rotterdam (NL)","Healthcare",5,0.61,0.05,194,434,0.76,0.16,220,1.59,2.6,0,233,163,1010000
"Rotterdam (NL)","Semiconductor",17,0.23,0.02,194,79,0.54,0.12,220,0,0,0,233,163,1010000
"Rouen (FR)","Automotive",0,0,0,536,17,1.13,0.04,560,0,0,0,454,359,470000
"Rouen (FR)","Energy",0,0,0,536,12,0.43,0.02,560,0,0,0,454,359,470000
"Rouen (FR)","Finance",1,1.4,0.01,536,8,0.55,0.02,560,0,0,0,454,359,470000
"Rouen (FR)","Healthcare",0,0,0,536,76,0.82,0.03,560,0,0,0,454,359,470000
"Rouen (FR)","Semiconductor",1,0.14,0,536,3,0.13,0,560,0,0,0,454,359,470000
"Round Lake Beach-McHenry-Grayslake (US)","Automotive",9,1.25,0.15,134,3,0.18,0.01,634,0,0,0,264,271,370000
"Round Lake Beach-McHenry-Grayslake (US)","Energy",0,0,0,134,6,0.2,0.01,634,0,0,0,264,271,370000
"Round Lake Beach-McHenry-Grayslake (US)","Finance",11,1.11,0.13,134,9,0.57,0.02,634,8.1,3.65,0.02,264,271,370000
"Round Lake Beach-McHenry-Grayslake (US)","Healthcare",7,0.64,0.08,134,68,0.67,0.03,634,0,0,0,264,271,370000
"Round Lake Beach-McHenry-Grayslake (US)","Semiconductor",60,0.61,0.07,134,11,0.43,0.02,634,0,0,0,264,271,370000
"s-Gravenhage (NL)","Automotive",11,1.62,0.18,86,101,1.68,0.23,116,2.62,0.18,0,55,57,698000
"s-Gravenhage (NL)","Energy",5,1.55,0.18,86,184,1.67,0.23,116,15.05,7.06,0.16,55,57,698000
"s-Gravenhage (NL)","Finance",5,0.54,0.06,86,25,0.43,0.06,116,0.68,0.07,0,55,57,698000
"s-Gravenhage (NL)","Healthcare",12,1.16,0.13,86,297,0.8,0.11,116,105.38,11.02,0.24,55,57,698000
"s-Gravenhage (NL)","Semiconductor",72,0.78,0.09,86,289,3.06,0.43,116,21.29,2.03,0.04,55,57,698000
"S<e3>o Jos<e9> do Rio Preto (BR)","Automotive",0,0,0,468,0,0,0,1073,0,0,0,448,416,439000
"S<e3>o Jos<e9> do Rio Preto (BR)","Energy",0,0,0,468,1,0.18,0,1073,0,0,0,448,416,439000
"S<e3>o Jos<e9> do Rio Preto (BR)","Finance",0,0,0,468,0,0,0,1073,0,0,0,448,416,439000
"S<e3>o Jos<e9> do Rio Preto (BR)","Healthcare",0,0,0,468,7,0.37,0,1073,0,0,0,448,416,439000
"S<e3>o Jos<e9> do Rio Preto (BR)","Semiconductor",0,0,0,468,3,0.63,0,1073,0,0,0,448,416,439000
"S<e3>o Jos<e9> dos Campos (BR)","Automotive",1,3.03,0.02,451,19,1.72,0.04,431,0,0,0,256,292,722000
"S<e3>o Jos<e9> dos Campos (BR)","Energy",0,0,0,451,77,3.82,0.1,431,0,0,0,256,292,722000
"S<e3>o Jos<e9> dos Campos (BR)","Finance",2,4.4,0.02,451,13,1.23,0.03,431,6.46,4.9,0.01,256,292,722000
"S<e3>o Jos<e9> dos Campos (BR)","Healthcare",0,0,0,451,36,0.53,0.01,431,0,0,0,256,292,722000
"S<e3>o Jos<e9> dos Campos (BR)","Semiconductor",2,0.44,0,451,9,0.52,0.01,431,6.46,4.58,0.01,256,292,722000
"S<e3>o Paulo (BR)","Automotive",1,0.17,0.02,149,42,0.16,0.1,89,23.22,0.42,0.04,42,65,22043000
"S<e3>o Paulo (BR)","Energy",5,1.82,0.18,149,215,0.44,0.27,89,0.69,0.08,0.01,42,65,22043000
"S<e3>o Paulo (BR)","Finance",8,1.01,0.1,149,142,0.55,0.34,89,152.99,4,0.34,42,65,22043000
"S<e3>o Paulo (BR)","Healthcare",7,0.79,0.08,149,613,0.37,0.23,89,140.99,3.76,0.32,42,65,22043000
"S<e3>o Paulo (BR)","Semiconductor",22,0.28,0.03,149,85,0.2,0.13,89,0,0,0,42,65,22043000
"Sacramento (US)","Automotive",5,0.76,0.08,79,26,0.39,0.06,213,0,0,0,68,86,2123000
"Sacramento (US)","Energy",4,1.28,0.14,79,42,0.34,0.05,213,0.2,0.07,0,68,86,2123000
"Sacramento (US)","Finance",14,1.55,0.17,79,26,0.41,0.06,213,91.2,6.97,0.2,68,86,2123000
"Sacramento (US)","Healthcare",16,1.59,0.17,79,312,0.76,0.12,213,17.38,1.36,0.04,68,86,2123000
"Sacramento (US)","Semiconductor",161,1.79,0.2,79,99,0.95,0.15,213,19.95,1.42,0.04,68,86,2123000
"Salt Lake City (US)","Automotive",5,0.57,0.08,75,19,0.35,0.04,204,5.3,0.06,0.01,27,73,1169000
"Salt Lake City (US)","Energy",4,0.95,0.14,75,72,0.72,0.09,204,264.98,18.47,2.73,27,73,1169000
"Salt Lake City (US)","Finance",24,1.98,0.29,75,31,0.59,0.07,204,296.38,4.5,0.67,27,73,1169000
"Salt Lake City (US)","Healthcare",17,1.26,0.19,75,293,0.87,0.11,204,13.3,0.21,0.03,27,73,1169000
"Salt Lake City (US)","Semiconductor",93,0.77,0.11,75,55,0.64,0.08,204,107.98,1.53,0.23,27,73,1169000
"Salvador (BR)","Automotive",0,0,0,623,2,0.06,0,494,0,0,0,353,351,3839000
"Salvador (BR)","Energy",1,13.12,0.04,623,38,0.66,0.05,494,0,0,0,353,351,3839000
"Salvador (BR)","Finance",0,0,0,623,22,0.73,0.05,494,0.32,9.58,0,353,351,3839000
"Salvador (BR)","Healthcare",0,0,0,623,80,0.41,0.03,494,0,0,0,353,351,3839000
"Salvador (BR)","Semiconductor",1,0.46,0,623,7,0.14,0.01,494,0,0,0,353,351,3839000
"San Antonio (US)","Automotive",3,1.33,0.05,188,29,0.73,0.07,263,55.05,3.28,0.09,108,139,2320000
"San Antonio (US)","Energy",1,0.93,0.04,188,67,0.92,0.08,263,0,0,0,108,139,2320000
"San Antonio (US)","Finance",1,0.32,0.01,188,15,0.39,0.04,263,0,0,0,108,139,2320000
"San Antonio (US)","Healthcare",6,1.74,0.07,188,183,0.75,0.07,263,2,0.18,0,108,139,2320000
"San Antonio (US)","Semiconductor",16,0.52,0.02,188,43,0.69,0.06,263,55.05,4.46,0.12,108,139,2320000
"San Diego (US)","Automotive",201,1.42,3.36,9,113,0.93,0.26,68,2747.8,5.22,4.25,32,20,3251000
"San Diego (US)","Energy",67,0.99,2.35,9,145,0.65,0.18,68,0,0,0,32,20,3251000
"San Diego (US)","Finance",43,0.22,0.52,9,65,0.56,0.16,68,214.51,0.59,0.48,32,20,3251000
"San Diego (US)","Healthcare",180,0.83,1.97,9,695,0.93,0.26,68,475.28,1.34,1.09,32,20,3251000
"San Diego (US)","Semiconductor",1508,0.78,1.84,9,274,1.44,0.4,68,0.47,0,0,32,20,3251000
"San Francisco-Oakland (US)","Automotive",168,1.55,2.8,6,159,0.67,0.37,34,18333.11,0.61,28.34,1,8,3314000
"San Francisco-Oakland (US)","Energy",36,0.7,1.26,6,216,0.5,0.27,34,866.64,0.19,8.93,1,8,3314000
"San Francisco-Oakland (US)","Finance",344,2.3,4.18,6,135,0.6,0.33,34,7130.12,0.35,16.02,1,8,3314000
"San Francisco-Oakland (US)","Healthcare",381,2.29,4.16,6,1296,0.89,0.49,34,7456.51,0.37,17.13,1,8,3314000
"San Francisco-Oakland (US)","Semiconductor",2025,1.36,2.47,6,448,1.21,0.66,34,17453.93,0.79,36.63,1,8,3314000
"San Jos<e9> (CR)","Automotive",0,0,0,686,4,0.21,0.01,635,0,0,0,315,374,1400000
"San Jos<e9> (CR)","Energy",0,0,0,686,13,0.37,0.02,635,0,0,0,315,374,1400000
"San Jos<e9> (CR)","Finance",0,0,0,686,4,0.22,0.01,635,6.1,11.82,0.01,315,374,1400000
"San Jos<e9> (CR)","Healthcare",0,0,0,686,46,0.38,0.02,635,0,0,0,315,374,1400000
"San Jos<e9> (CR)","Semiconductor",1,0.3,0,686,14,0.46,0.02,635,0,0,0,315,374,1400000
"San Jose (US)","Automotive",348,1.56,5.81,2,411,1.91,0.95,22,23259.81,2.34,35.96,2,3,1791000
"San Jose (US)","Energy",109,1.03,3.82,2,448,1.14,0.57,22,260.46,0.17,2.68,2,3,1791000
"San Jose (US)","Finance",389,1.27,4.72,2,153,0.74,0.37,22,4941.24,0.72,11.1,2,3,1791000
"San Jose (US)","Healthcare",386,1.13,4.21,2,1915,1.44,0.72,22,3125.15,0.47,7.18,2,3,1791000
"San Jose (US)","Semiconductor",5875,1.92,7.16,2,1172,3.48,1.73,22,11040.83,1.51,23.17,2,3,1791000
"San Juan (PR)","Automotive",0,0,0,382,1,0.06,0,625,0,0,0,186,309,2448000
"San Juan (PR)","Energy",0,0,0,382,13,0.46,0.02,625,0,0,0,186,309,2448000
"San Juan (PR)","Finance",10,14.73,0.12,382,10,0.67,0.02,625,7.14,14.24,0.02,186,309,2448000
"San Juan (PR)","Healthcare",0,0,0,382,64,0.67,0.02,625,0.02,0.04,0,186,309,2448000
"San Juan (PR)","Semiconductor",13,1.92,0.02,382,12,0.5,0.02,625,0,0,0,186,309,2448000
"Sankt Peterburg (RU)","Automotive",4,1.38,0.07,125,47,0.45,0.11,129,0,0,0,187,108,5468000
"Sankt Peterburg (RU)","Energy",7,5.07,0.25,125,133,0.7,0.17,129,0,0,0,187,108,5468000
"Sankt Peterburg (RU)","Finance",6,1.5,0.07,125,39,0.39,0.09,129,0.9,9.21,0,187,108,5468000
"Sankt Peterburg (RU)","Healthcare",6,1.35,0.07,125,299,0.46,0.11,129,0,0,0,187,108,5468000
"Sankt Peterburg (RU)","Semiconductor",33,0.83,0.04,125,167,1.02,0.25,129,0,0,0,187,108,5468000
"Santa Clarita (US)","Automotive",0,0,0,179,4,0.38,0.01,601,0,0,0,98,231,392000
"Santa Clarita (US)","Energy",1,0.52,0.04,179,14,0.73,0.02,601,0,0,0,98,231,392000
"Santa Clarita (US)","Finance",5,0.9,0.06,179,10,1,0.02,601,2.38,0.06,0.01,98,231,392000
"Santa Clarita (US)","Healthcare",8,1.29,0.09,179,62,0.96,0.02,601,26,0.65,0.06,98,231,392000
"Santa Clarita (US)","Semiconductor",25,0.45,0.03,179,7,0.43,0.01,601,300,6.86,0.63,98,231,392000
"Santiago (CL)","Automotive",0,0,0,227,13,0.16,0.03,207,0,0,0,173,154,6767000
"Santiago (CL)","Energy",0,0,0,227,86,0.58,0.11,207,1.16,1.16,0.01,173,154,6767000
"Santiago (CL)","Finance",3,0.96,0.04,227,37,0.48,0.09,207,12.78,2.8,0.03,173,154,6767000
"Santiago (CL)","Healthcare",6,1.73,0.07,227,241,0.48,0.09,207,1.01,0.23,0,173,154,6767000
"Santiago (CL)","Semiconductor",12,0.39,0.01,227,57,0.45,0.08,207,0,0,0,173,154,6767000
"Sapporo (JP)","Automotive",1,0.22,0.02,197,24,0.58,0.06,393,0,0,0,246,221,2670000
"Sapporo (JP)","Energy",1,0.46,0.04,197,24,0.31,0.03,393,0,0,0,246,221,2670000
"Sapporo (JP)","Finance",5,0.8,0.06,197,6,0.15,0.01,393,0,0,0,246,221,2670000
"Sapporo (JP)","Healthcare",3,0.43,0.03,197,126,0.49,0.05,393,4.81,8.89,0.01,246,221,2670000
"Sapporo (JP)","Semiconductor",22,0.36,0.03,197,52,0.8,0.08,393,0,0,0,246,221,2670000
"Sarasota-Bradenton (US)","Automotive",0,0,0,314,0,0,0,1132,0,0,0,359,396,736000
"Sarasota-Bradenton (US)","Energy",0,0,0,314,1,0.2,0,1132,4.52,22.65,0.05,359,396,736000
"Sarasota-Bradenton (US)","Finance",4,2.64,0.05,314,1,0.37,0,1132,0,0,0,359,396,736000
"Sarasota-Bradenton (US)","Healthcare",2,1.19,0.02,314,15,0.87,0.01,1132,0,0,0,359,396,736000
"Sarasota-Bradenton (US)","Semiconductor",8,0.53,0.01,314,0,0,0,1132,0,0,0,359,396,736000
"Saskatoon (CA)","Automotive",1,0.85,0.02,305,11,0.53,0.03,359,0,0,0,425,280,325000
"Saskatoon (CA)","Energy",0,0,0,305,41,1.07,0.05,359,0,0,0,425,280,325000
"Saskatoon (CA)","Finance",1,0.62,0.01,305,22,1.1,0.05,359,0,0,0,425,280,325000
"Saskatoon (CA)","Healthcare",10,5.57,0.11,305,128,0.99,0.05,359,0,0,0,425,280,325000
"Saskatoon (CA)","Semiconductor",14,0.87,0.02,305,15,0.46,0.02,359,0,0,0,425,280,325000
"Scranton (US)","Automotive",0,0,0,440,1,0.2,0,905,0,0,0,240,366,375000
"Scranton (US)","Energy",0,0,0,440,2,0.22,0,905,0,0,0,240,366,375000
"Scranton (US)","Finance",2,2.32,0.02,440,3,0.63,0.01,905,0.14,9.88,0,240,366,375000
"Scranton (US)","Healthcare",1,1.04,0.01,440,14,0.46,0.01,905,0,0,0,240,366,375000
"Scranton (US)","Semiconductor",3,0.35,0,440,3,0.39,0,905,0,0,0,240,366,375000
"Seattle (US)","Automotive",83,1.14,1.39,8,178,1.22,0.41,54,134.85,0.34,0.21,16,15,3433000
"Seattle (US)","Energy",49,1.41,1.72,8,127,0.48,0.16,54,76.3,1.28,0.79,16,15,3433000
"Seattle (US)","Finance",256,2.55,3.11,8,115,0.82,0.28,54,641.77,2.35,1.44,16,15,3433000
"Seattle (US)","Healthcare",144,1.29,1.57,8,1235,1.37,0.46,54,411.78,1.54,0.95,16,15,3433000
"Seattle (US)","Semiconductor",3236,3.24,3.94,8,271,1.19,0.4,54,16.23,0.06,0.03,16,15,3433000
"Seoul (KR)","Automotive",738,1.64,12.32,1,734,1.88,1.7,5,1087.71,1.94,1.68,6,1,17741000
"Seoul (KR)","Energy",458,2.14,16.06,1,609,0.85,0.77,5,48.49,0.58,0.5,6,1,17741000
"Seoul (KR)","Finance",1436,2.32,17.43,1,381,1.02,0.92,5,1344.88,3.49,3.02,6,1,17741000
"Seoul (KR)","Healthcare",1568,2.28,17.12,1,3088,1.28,1.16,5,664.85,1.76,1.53,6,1,17741000
"Seoul (KR)","Semiconductor",7885,1.28,9.61,1,1031,1.69,1.52,5,1570.31,3.8,3.3,6,1,17741000
"Sevilla (ES)","Automotive",0,0,0,407,12,0.25,0.03,243,0,0,0,335,258,704000
"Sevilla (ES)","Energy",0,0,0,407,73,0.82,0.09,243,0,0,0,335,258,704000
"Sevilla (ES)","Finance",0,0,0,407,28,0.6,0.07,243,0,0,0,335,258,704000
"Sevilla (ES)","Healthcare",0,0,0,407,174,0.58,0.07,243,0,0,0,335,258,704000
"Sevilla (ES)","Semiconductor",7,0.46,0.01,407,83,1.09,0.12,243,0,0,0,335,258,704000
"Shanghai (CN)","Automotive",113,0.72,1.89,10,1453,2.24,3.36,2,738.93,1.17,1.14,15,4,27058000
"Shanghai (CN)","Energy",38,0.51,1.33,10,1469,1.24,1.86,2,84.83,0.9,0.87,15,4,27058000
"Shanghai (CN)","Finance",106,0.49,1.29,10,630,1.01,1.52,2,93.55,0.22,0.21,15,4,27058000
"Shanghai (CN)","Healthcare",82,0.34,0.9,10,4286,1.07,1.61,2,436.73,1.03,1,15,4,27058000
"Shanghai (CN)","Semiconductor",1930,0.89,2.35,10,1687,1.66,2.49,2,586.65,1.26,1.23,15,4,27058000
"Shaoxing (CN)","Automotive",0,0,0,365,9,0.54,0.02,429,0,0,0,405,310,2540000
"Shaoxing (CN)","Energy",0,0,0,365,31,1.01,0.04,429,0,0,0,405,310,2540000
"Shaoxing (CN)","Finance",0,0,0,365,16,1,0.04,429,0,0,0,405,310,2540000
"Shaoxing (CN)","Healthcare",1,0.2,0.01,365,94,0.91,0.04,429,0,0,0,405,310,2540000
"Shaoxing (CN)","Semiconductor",4,0.09,0,365,15,0.57,0.02,429,0,0,0,405,310,2540000
"Sheffield (GB)","Automotive",3,1.56,0.05,232,38,0.88,0.09,217,3.33,0.27,0.01,150,150,730000
"Sheffield (GB)","Energy",1,1.09,0.04,232,50,0.63,0.06,217,61.77,33.53,0.64,150,150,730000
"Sheffield (GB)","Finance",1,0.38,0.01,232,19,0.46,0.05,217,0,0,0,150,150,730000
"Sheffield (GB)","Healthcare",1,0.34,0.01,232,278,1.04,0.1,217,0,0,0,150,150,730000
"Sheffield (GB)","Semiconductor",14,0.53,0.02,232,78,1.15,0.12,217,0,0,0,150,150,730000
"Shenzhen (CN)","Automotive",284,0.8,4.74,4,848,3.86,1.96,10,3833.34,6.21,5.93,33,10,12357000
"Shenzhen (CN)","Energy",92,0.54,3.23,4,537,1.33,0.68,10,0.6,0.01,0.01,33,10,12357000
"Shenzhen (CN)","Finance",197,0.4,2.39,4,311,1.48,0.75,10,5,0.01,0.01,33,10,12357000
"Shenzhen (CN)","Healthcare",183,0.34,2,4,2499,1.84,0.94,10,428.66,1.03,0.98,33,10,12357000
"Shenzhen (CN)","Semiconductor",9624,1.97,11.73,4,854,2.48,1.26,10,270.29,0.59,0.57,33,10,12357000
"Siliguri (IN)","Automotive",0,0,0,867,1,0.35,0,986,0,0,0,237,430,1020000
"Siliguri (IN)","Energy",0,0,0,867,3,0.57,0,986,0,0,0,237,430,1020000
"Siliguri (IN)","Finance",0,0,0,867,2,0.73,0,986,0.01,19.76,0,237,430,1020000
"Siliguri (IN)","Healthcare",0,0,0,867,23,1.3,0.01,986,0,0,0,237,430,1020000
"Siliguri (IN)","Semiconductor",2,2.63,0,867,1,0.22,0,986,0,0,0,237,430,1020000
"Singapore (SG)","Automotive",65,1.68,1.09,14,629,3.83,1.45,20,5.8,0.01,0.01,13,10,5935000
"Singapore (SG)","Energy",55,2.98,1.93,14,379,1.26,0.48,20,237.74,2.97,2.45,13,10,5935000
"Singapore (SG)","Finance",90,1.69,1.09,14,241,1.53,0.58,20,1060.49,2.89,2.38,13,10,5935000
"Singapore (SG)","Healthcare",91,1.53,0.99,14,1628,1.61,0.61,20,413.1,1.15,0.95,13,10,5935000
"Singapore (SG)","Semiconductor",520,0.98,0.63,14,901,3.51,1.33,20,655.25,1.67,1.38,13,10,5935000
"Sofia (BG)","Automotive",0,0,0,476,16,0.38,0.04,184,0,0,0,205,229,1281000
"Sofia (BG)","Energy",0,0,0,476,149,1.94,0.19,184,0,0,0,205,229,1281000
"Sofia (BG)","Finance",1,0.93,0.01,476,39,0.97,0.09,184,4.2,0.17,0.01,205,229,1281000
"Sofia (BG)","Healthcare",0,0,0,476,189,0.73,0.07,184,0.16,0.01,0,205,229,1281000
"Sofia (BG)","Semiconductor",16,1.5,0.02,476,81,1.23,0.12,184,2.2,0.08,0,205,229,1281000
"Sorocaba (BR)","Automotive",0,0,0,728,0,0,0,1203,0,0,0,348,435,786000
"Sorocaba (BR)","Energy",0,0,0,728,3,0.72,0,1203,1.43,70.8,0.01,348,435,786000
"Sorocaba (BR)","Finance",0,0,0,728,2,0.92,0,1203,0,0,0,348,435,786000
"Sorocaba (BR)","Healthcare",0,0,0,728,2,0.14,0,1203,0,0,0,348,435,786000
"Sorocaba (BR)","Semiconductor",1,0.25,0,728,0,0,0,1203,0,0,0,348,435,786000
"Southampton/Portsmouth (GB)","Automotive",5,1.83,0.08,181,35,0.69,0.08,170,0,0,0,347,178,928000
"Southampton/Portsmouth (GB)","Energy",0,0,0,181,52,0.56,0.07,170,0,0,0,347,178,928000
"Southampton/Portsmouth (GB)","Finance",2,0.53,0.02,181,56,1.16,0.14,170,0,0,0,347,178,928000
"Southampton/Portsmouth (GB)","Healthcare",2,0.48,0.02,181,236,0.76,0.09,170,0,0,0,347,178,928000
"Southampton/Portsmouth (GB)","Semiconductor",61,1.63,0.07,181,98,1.24,0.14,170,0,0,0,347,178,928000
"Southend-On-Sea (GB)","Automotive",5,2.42,0.08,221,9,0.34,0.02,362,0,0,0,318,234,312000
"Southend-On-Sea (GB)","Energy",1,1.02,0.04,221,18,0.37,0.02,362,0,0,0,318,234,312000
"Southend-On-Sea (GB)","Finance",3,1.06,0.04,221,29,1.13,0.07,362,12.56,2.76,0.03,318,234,312000
"Southend-On-Sea (GB)","Healthcare",0,0,0,221,152,0.92,0.06,362,0,0,0,318,234,312000
"Southend-On-Sea (GB)","Semiconductor",24,0.85,0.03,221,45,1.07,0.07,362,0,0,0,318,234,312000
"Spokane (US)","Automotive",4,4.71,0.07,253,0,0,0,984,0,0,0,127,333,447000
"Spokane (US)","Energy",0,0,0,253,1,0.11,0,984,0,0,0,127,333,447000
"Spokane (US)","Finance",3,2.57,0.04,253,0,0,0,984,1.75,1.84,0,127,333,447000
"Spokane (US)","Healthcare",3,2.31,0.03,253,26,0.89,0.01,984,9.35,10.05,0.02,127,333,447000
"Spokane (US)","Semiconductor",9,0.77,0.01,253,6,0.81,0.01,984,0,0,0,127,333,447000
"Springfield, Massachusett, Connecticut (US)","Automotive",2,1.3,0.03,340,29,1.07,0.07,268,0,0,0,166,202,669000
"Springfield, Massachusett, Connecticut (US)","Energy",0,0,0,340,27,0.54,0.03,268,0,0,0,166,202,669000
"Springfield, Massachusett, Connecticut (US)","Finance",1,0.47,0.01,340,27,1.04,0.07,268,0,0,0,166,202,669000
"Springfield, Massachusett, Connecticut (US)","Healthcare",2,0.85,0.02,340,159,0.95,0.06,268,0,0,0,166,202,669000
"Springfield, Massachusett, Connecticut (US)","Semiconductor",6,0.28,0.01,340,103,2.42,0.15,268,37.7,4.61,0.08,166,202,669000
"St. Catharines-Niagara (CA)","Automotive",0,0,0,512,6,0.99,0.01,767,0,0,0,396,383,416000
"St. Catharines-Niagara (CA)","Energy",0,0,0,512,8,0.72,0.01,767,0,0,0,396,383,416000
"St. Catharines-Niagara (CA)","Finance",2,3.71,0.02,512,4,0.69,0.01,767,0,0,0,396,383,416000
"St. Catharines-Niagara (CA)","Healthcare",0,0,0,512,30,0.81,0.01,767,0,0,0,396,383,416000
"St. Catharines-Niagara (CA)","Semiconductor",6,1.12,0.01,512,1,0.11,0,767,0,0,0,396,383,416000
"St. Louis (US)","Automotive",6,0.59,0.1,78,23,0.29,0.05,222,4.5,5.24,0.01,242,134,2213000
"St. Louis (US)","Energy",2,0.41,0.07,78,32,0.22,0.04,222,0,0,0,242,134,2213000
"St. Louis (US)","Finance",32,2.29,0.39,78,34,0.45,0.08,222,5.8,9.81,0.01,242,134,2213000
"St. Louis (US)","Healthcare",44,2.83,0.48,78,390,0.8,0.15,222,0.04,0.07,0,242,134,2213000
"St. Louis (US)","Semiconductor",51,0.37,0.06,78,63,0.51,0.09,222,0,0,0,242,134,2213000
"Stockholm (SE)","Automotive",27,0.76,0.45,40,103,0.87,0.24,86,0.8,0.01,0,26,31,1633000
"Stockholm (SE)","Energy",10,0.59,0.35,40,137,0.63,0.17,86,74.72,4.52,0.77,26,31,1633000
"Stockholm (SE)","Finance",19,0.39,0.23,40,45,0.4,0.11,86,64.58,0.85,0.15,26,31,1633000
"Stockholm (SE)","Healthcare",14,0.26,0.15,40,602,0.82,0.23,86,430.95,5.82,0.99,26,31,1633000
"Stockholm (SE)","Semiconductor",294,0.6,0.36,40,207,1.11,0.31,86,30,0.37,0.06,26,31,1633000
"Stockton (US)","Automotive",0,0,0,762,0,0,0,1123,0,0,0,226,431,436000
"Stockton (US)","Energy",0,0,0,762,2,0.75,0,1123,0,0,0,226,431,436000
"Stockton (US)","Finance",0,0,0,762,2,1.42,0,1123,0.85,5.44,0,226,431,436000
"Stockton (US)","Healthcare",0,0,0,762,6,0.66,0,1123,0.63,4.12,0,226,431,436000
"Stockton (US)","Semiconductor",2,0.43,0,762,0,0,0,1123,0,0,0,226,431,436000
"Stoke-on-Trent (GB)","Automotive",0,0,0,433,8,0.55,0.02,619,0,0,0,423,352,386000
"Stoke-on-Trent (GB)","Energy",0,0,0,433,11,0.41,0.01,619,0,0,0,423,352,386000
"Stoke-on-Trent (GB)","Finance",0,0,0,433,8,0.57,0.02,619,0,0,0,423,352,386000
"Stoke-on-Trent (GB)","Healthcare",0,0,0,433,79,0.88,0.03,619,1.1,6.73,0,423,352,386000
"Stoke-on-Trent (GB)","Semiconductor",1,0.08,0,433,3,0.13,0,619,0,0,0,423,352,386000
"Strasbourg (FR)","Automotive",1,0.55,0.02,334,7,0.23,0.02,492,0,0,0,354,306,475000
"Strasbourg (FR)","Energy",0,0,0,334,19,0.34,0.02,492,0,0,0,354,306,475000
"Strasbourg (FR)","Finance",0,0,0,334,8,0.28,0.02,492,0,0,0,354,306,475000
"Strasbourg (FR)","Healthcare",5,1.8,0.05,334,95,0.51,0.04,492,8.33,20.2,0.02,354,306,475000
"Strasbourg (FR)","Semiconductor",10,0.4,0.01,334,24,0.51,0.04,492,0,0,0,354,306,475000
"Stuttgart (DE)","Automotive",166,3.63,2.77,32,107,1.45,0.25,145,0.65,0,0,162,81,633000
"Stuttgart (DE)","Energy",15,0.69,0.53,32,58,0.43,0.07,145,1600.64,28.54,16.49,162,81,633000
"Stuttgart (DE)","Finance",17,0.27,0.21,32,27,0.38,0.07,145,0,0,0,162,81,633000
"Stuttgart (DE)","Healthcare",18,0.26,0.2,32,387,0.85,0.15,145,0,0,0,162,81,633000
"Stuttgart (DE)","Semiconductor",415,0.66,0.51,32,207,1.8,0.31,145,0,0,0,162,81,633000
"Sunshine Coast (AU)","Automotive",0,0,0,370,5,0.68,0.01,916,0,0,0,360,375,347000
"Sunshine Coast (AU)","Energy",0,0,0,370,2,0.15,0,916,0,0,0,360,375,347000
"Sunshine Coast (AU)","Finance",1,4.63,0.01,370,1,0.14,0,916,0,0,0,360,375,347000
"Sunshine Coast (AU)","Healthcare",1,4.17,0.01,370,26,0.57,0.01,916,0,0,0,360,375,347000
"Sunshine Coast (AU)","Semiconductor",3,1.4,0,370,1,0.09,0,916,0,0,0,360,375,347000
"Surat (IN)","Automotive",0,0,0,255,8,0.76,0.02,470,0,0,0,137,228,7185000
"Surat (IN)","Energy",0,0,0,255,32,1.66,0.04,470,0,0,0,137,228,7185000
"Surat (IN)","Finance",3,3.77,0.04,255,16,1.58,0.04,470,0,0,0,137,228,7185000
"Surat (IN)","Healthcare",1,1.13,0.01,255,64,0.98,0.02,470,0.1,0.04,0,137,228,7185000
"Surat (IN)","Semiconductor",7,0.88,0.01,255,10,0.61,0.01,470,25.82,9.07,0.05,137,228,7185000
"Suzhou, Jiangsu (CN)","Automotive",34,0.6,0.57,29,160,1.7,0.37,66,83.87,0.58,0.13,82,37,7070000
"Suzhou, Jiangsu (CN)","Energy",18,0.67,0.63,29,134,0.78,0.17,66,0,0,0,82,37,7070000
"Suzhou, Jiangsu (CN)","Finance",17,0.22,0.21,29,85,0.94,0.21,66,0,0,0,82,37,7070000
"Suzhou, Jiangsu (CN)","Healthcare",22,0.25,0.24,29,688,1.19,0.26,66,15.6,0.16,0.04,82,37,7070000
"Suzhou, Jiangsu (CN)","Semiconductor",1235,1.59,1.51,29,223,1.52,0.33,66,89.28,0.84,0.19,82,37,7070000
"Sydney (AU)","Automotive",12,1.2,0.2,50,411,2.08,0.95,25,10.3,0.12,0.02,37,22,4926000
"Sydney (AU)","Energy",5,1.05,0.18,50,349,0.97,0.44,25,10.92,0.86,0.11,37,22,4926000
"Sydney (AU)","Finance",37,2.69,0.45,50,210,1.11,0.51,25,112.97,1.94,0.25,37,22,4926000
"Sydney (AU)","Healthcare",34,2.22,0.37,50,1593,1.31,0.6,25,145.27,2.54,0.33,37,22,4926000
"Sydney (AU)","Semiconductor",130,0.95,0.16,50,422,1.37,0.62,25,0,0,0,37,22,4926000
"Syracuse (US)","Automotive",1,0.68,0.02,230,9,0.48,0.02,490,0,0,0,249,254,420000
"Syracuse (US)","Energy",1,1.42,0.04,230,17,0.49,0.02,490,8.39,59.53,0.09,249,254,420000
"Syracuse (US)","Finance",2,0.99,0.02,230,9,0.5,0.02,490,0,0,0,249,254,420000
"Syracuse (US)","Healthcare",4,1.77,0.04,230,85,0.73,0.03,490,3.08,4.87,0.01,249,254,420000
"Syracuse (US)","Semiconductor",8,0.4,0.01,230,23,0.78,0.03,490,0,0,0,249,254,420000
"Szczecin (PL)","Automotive",0,0,0,697,4,0.26,0.01,720,0,0,0,247,382,401000
"Szczecin (PL)","Energy",0,0,0,697,11,0.39,0.01,720,0,0,0,247,382,401000
"Szczecin (PL)","Finance",1,6.01,0.01,697,6,0.41,0.01,720,0.12,1.88,0,247,382,401000
"Szczecin (PL)","Healthcare",0,0,0,697,28,0.3,0.01,720,0,0,0,247,382,401000
"Szczecin (PL)","Semiconductor",3,1.81,0,697,4,0.17,0.01,720,0,0,0,247,382,401000
"Tainan (TW)","Automotive",0,0,0,271,55,1.47,0.13,138,0,0,0,219,160,850000
"Tainan (TW)","Energy",0,0,0,271,109,1.6,0.14,138,0,0,0,219,160,850000
"Tainan (TW)","Finance",1,0.62,0.01,271,51,1.43,0.12,138,0,0,0,219,160,850000
"Tainan (TW)","Healthcare",1,0.56,0.01,271,276,1.2,0.1,138,1.02,0.95,0,219,160,850000
"Tainan (TW)","Semiconductor",14,0.88,0.02,271,89,1.52,0.13,138,0.03,0.03,0,219,160,850000
"Taipei (TW)","Automotive",5,0.46,0.08,73,210,1.31,0.49,33,22.98,0.37,0.04,24,26,9733000
"Taipei (TW)","Energy",9,1.74,0.32,73,253,0.87,0.32,33,8.31,0.89,0.09,24,26,9733000
"Taipei (TW)","Finance",6,0.4,0.07,73,212,1.39,0.51,33,89.55,2.1,0.2,24,26,9733000
"Taipei (TW)","Healthcare",17,1.03,0.19,73,1136,1.15,0.43,33,204.14,4.9,0.47,24,26,9733000
"Taipei (TW)","Semiconductor",212,1.43,0.26,73,290,1.16,0.43,33,134.2,2.94,0.28,24,26,9733000
"Taizhong (TW)","Automotive",0,0,0,361,66,1.18,0.15,110,0,0,0,374,223,1321000
"Taizhong (TW)","Energy",0,0,0,361,110,1.07,0.14,110,0,0,0,374,223,1321000
"Taizhong (TW)","Finance",0,0,0,361,85,1.58,0.21,110,0,0,0,374,223,1321000
"Taizhong (TW)","Healthcare",0,0,0,361,469,1.36,0.18,110,0,0,0,374,223,1321000
"Taizhong (TW)","Semiconductor",9,0.35,0.01,361,57,0.65,0.08,110,0,0,0,374,223,1321000
"Tallinn (EE)","Automotive",1,1.89,0.02,331,17,1.16,0.04,446,4.27,0.24,0.01,54,218,445000
"Tallinn (EE)","Energy",0,0,0,331,30,1.12,0.04,446,0.37,0.14,0,54,218,445000
"Tallinn (EE)","Finance",0,0,0,331,7,0.5,0.02,446,130.24,10.68,0.29,54,218,445000
"Tallinn (EE)","Healthcare",1,1.23,0.01,331,59,0.65,0.02,446,5.18,0.43,0.01,54,218,445000
"Tallinn (EE)","Semiconductor",11,1.52,0.01,331,29,1.27,0.04,446,8.59,0.66,0.02,54,218,445000
"Tampa-St. Petersburg (US)","Automotive",8,1.01,0.13,132,27,0.47,0.06,232,23.7,1.42,0.04,49,101,2877000
"Tampa-St. Petersburg (US)","Energy",0,0,0,132,34,0.33,0.04,232,3.25,1.3,0.03,49,101,2877000
"Tampa-St. Petersburg (US)","Finance",22,2.02,0.27,132,32,0.59,0.08,232,58.92,5.13,0.13,49,101,2877000
"Tampa-St. Petersburg (US)","Healthcare",23,1.9,0.25,132,377,1.07,0.14,232,47.95,4.26,0.11,49,101,2877000
"Tampa-St. Petersburg (US)","Semiconductor",95,0.88,0.12,132,38,0.43,0.06,232,0,0,0,49,101,2877000
"Tampere (FI)","Automotive",6,1.13,0.1,200,1,0.15,0,925,0,0,0,462,367,342000
"Tampere (FI)","Energy",0,0,0,200,3,0.24,0,925,0,0,0,462,367,342000
"Tampere (FI)","Finance",1,0.14,0.01,200,0,0,0,925,0,0,0,462,367,342000
"Tampere (FI)","Healthcare",1,0.12,0.01,200,35,0.84,0.01,925,0,0,0,462,367,342000
"Tampere (FI)","Semiconductor",63,0.87,0.08,200,5,0.47,0.01,925,0,0,0,462,367,342000
"Tanger (MA)","Automotive",0,0,0,897,0,0,0,1276,0,0,0,418,444,1198000
"Tanger (MA)","Energy",0,0,0,897,0,0,0,1276,0,0,0,418,444,1198000
"Tanger (MA)","Finance",0,0,0,897,0,0,0,1276,0,0,0,418,444,1198000
"Tanger (MA)","Healthcare",0,0,0,897,7,2.17,0,1276,0.2,10.1,0,418,444,1198000
"Tanger (MA)","Semiconductor",0,0,0,897,0,0,0,1276,0,0,0,418,444,1198000
"Tashkent (UZ)","Automotive",0,0,0,607,13,0.24,0.03,255,0,0,0,413,320,2517000
"Tashkent (UZ)","Energy",0,0,0,607,101,1.02,0.13,255,0,0,0,413,320,2517000
"Tashkent (UZ)","Finance",0,0,0,607,36,0.69,0.09,255,0,0,0,413,320,2517000
"Tashkent (UZ)","Healthcare",1,9.09,0.01,607,151,0.45,0.06,255,0,0,0,413,320,2517000
"Tashkent (UZ)","Semiconductor",1,1.02,0,607,29,0.34,0.04,255,0,0,0,413,320,2517000
"Tbilisi (GE)","Automotive",0,0,0,624,0,0,0,746,0,0,0,313,386,1078000
"Tbilisi (GE)","Energy",0,0,0,624,20,0.8,0.03,746,0,0,0,313,386,1078000
"Tbilisi (GE)","Finance",0,0,0,624,5,0.38,0.01,746,0,0,0,313,386,1078000
"Tbilisi (GE)","Healthcare",0,0,0,624,41,0.49,0.02,746,0,0,0,313,386,1078000
"Tbilisi (GE)","Semiconductor",0,0,0,624,5,0.24,0.01,746,0,0,0,313,386,1078000
"Tel Aviv-Yafo (IL)","Automotive",57,1.67,0.95,22,42,0.52,0.1,158,272.54,0.45,0.42,5,39,4181000
"Tel Aviv-Yafo (IL)","Energy",7,0.43,0.25,22,46,0.31,0.06,158,136.1,1.5,1.4,5,39,4181000
"Tel Aviv-Yafo (IL)","Finance",64,1.36,0.78,22,36,0.47,0.09,158,940.99,2.27,2.11,5,39,4181000
"Tel Aviv-Yafo (IL)","Healthcare",111,2.13,1.21,22,429,0.86,0.16,158,1163.72,2.87,2.67,5,39,4181000
"Tel Aviv-Yafo (IL)","Semiconductor",513,1.1,0.63,22,251,1.99,0.37,158,262.3,0.59,0.55,5,39,4181000
"Temecula-Murrieta (US)","Automotive",6,0.69,0.1,96,3,0.57,0.01,740,0,0,0,266,284,848000
"Temecula-Murrieta (US)","Energy",2,0.48,0.07,96,23,2.38,0.03,740,0,0,0,266,284,848000
"Temecula-Murrieta (US)","Finance",11,0.92,0.13,96,2,0.4,0,740,0,0,0,266,284,848000
"Temecula-Murrieta (US)","Healthcare",18,1.35,0.2,96,19,0.58,0.01,740,30.78,6.46,0.07,266,284,848000
"Temecula-Murrieta (US)","Semiconductor",69,0.58,0.08,96,5,0.61,0.01,740,0,0,0,266,284,848000
"The Woodlands (US)","Automotive",5,0.72,0.08,117,0,0,0,1325,5.5,1.61,0.01,150,368,570000
"The Woodlands (US)","Energy",12,3.65,0.42,117,1,0.43,0,1325,0,0,0,150,368,570000
"The Woodlands (US)","Finance",4,0.42,0.05,117,0,0,0,1325,20,8.52,0.04,150,368,570000
"The Woodlands (US)","Healthcare",3,0.28,0.03,117,4,0.51,0,1325,0.27,0.12,0,150,368,570000
"The Woodlands (US)","Semiconductor",152,1.61,0.19,117,0,0,0,1325,0,0,0,150,368,570000
"Thessaloniki (GR)","Automotive",0,0,0,423,53,1.5,0.12,153,0,0,0,433,265,812000
"Thessaloniki (GR)","Energy",0,0,0,423,56,0.87,0.07,153,0,0,0,433,265,812000
"Thessaloniki (GR)","Finance",2,5.11,0.02,423,52,1.54,0.13,153,0,0,0,433,265,812000
"Thessaloniki (GR)","Healthcare",1,2.3,0.01,423,245,1.13,0.09,153,0,0,0,433,265,812000
"Thessaloniki (GR)","Semiconductor",1,0.26,0,423,137,2.48,0.2,153,0,0,0,433,265,812000
"Thiruvananthapuram (IN)","Automotive",0,0,0,482,15,0.49,0.03,246,0,0,0,272,261,2585000
"Thiruvananthapuram (IN)","Energy",0,0,0,482,50,0.89,0.06,246,0,0,0,272,261,2585000
"Thiruvananthapuram (IN)","Finance",0,0,0,482,39,1.33,0.09,246,0.04,0.03,0,272,261,2585000
"Thiruvananthapuram (IN)","Healthcare",0,0,0,482,231,1.22,0.09,246,0,0,0,272,261,2585000
"Thiruvananthapuram (IN)","Semiconductor",2,0.47,0,482,42,0.88,0.06,246,13.56,8.42,0.03,272,261,2585000
"Thrissur (IN)","Automotive",0,0,0,479,9,1.26,0.02,666,0,0,0,398,358,3068000
"Thrissur (IN)","Energy",0,0,0,479,11,0.84,0.01,666,0,0,0,398,358,3068000
"Thrissur (IN)","Finance",0,0,0,479,5,0.73,0.01,666,0,0,0,398,358,3068000
"Thrissur (IN)","Healthcare",0,0,0,479,50,1.13,0.02,666,0,0,0,398,358,3068000
"Thrissur (IN)","Semiconductor",2,0.68,0,479,3,0.27,0,666,0,0,0,398,358,3068000
"Thuqbah (SA)","Automotive",0,0,0,151,34,1.16,0.08,154,0,0,0,190,119,344000
"Thuqbah (SA)","Energy",34,9.81,1.19,151,340,6.35,0.43,154,2.66,23.68,0.03,190,119,344000
"Thuqbah (SA)","Finance",6,0.6,0.07,151,49,1.75,0.12,154,0,0,0,190,119,344000
"Thuqbah (SA)","Healthcare",6,0.54,0.07,151,281,1.56,0.11,154,0,0,0,190,119,344000
"Thuqbah (SA)","Semiconductor",32,0.32,0.04,151,34,0.74,0.05,154,0,0,0,190,119,344000
"Tianjin (CN)","Automotive",6,0.51,0.1,107,397,1.79,0.92,27,204.01,12.5,0.32,142,62,13589000
"Tianjin (CN)","Energy",4,0.72,0.14,107,505,1.25,0.64,27,0,0,0,142,62,13589000
"Tianjin (CN)","Finance",7,0.44,0.08,107,188,0.89,0.45,27,15.12,1.35,0.03,142,62,13589000
"Tianjin (CN)","Healthcare",4,0.22,0.04,107,1262,0.92,0.47,27,1.39,0.13,0,142,62,13589000
"Tianjin (CN)","Semiconductor",172,1.08,0.21,107,416,1.2,0.61,27,0,0,0,142,62,13589000
"Timisoara (RO)","Automotive",1,4.71,0.02,493,5,0.38,0.01,453,0,0,0,418,333,307000
"Timisoara (RO)","Energy",0,0,0,493,65,2.67,0.08,453,0,0,0,418,333,307000
"Timisoara (RO)","Finance",2,6.84,0.02,493,12,0.94,0.03,453,0.52,9.88,0,418,333,307000
"Timisoara (RO)","Healthcare",0,0,0,493,73,0.89,0.03,453,0,0,0,418,333,307000
"Timisoara (RO)","Semiconductor",3,1.03,0,493,12,0.58,0.02,453,0,0,0,418,333,307000
"Tokyo (JP)","Automotive",201,0.41,3.36,3,391,0.9,0.9,17,152.85,0.54,0.24,17,7,37393000
"Tokyo (JP)","Energy",92,0.39,3.23,3,505,0.63,0.64,17,75.07,1.77,0.77,17,7,37393000
"Tokyo (JP)","Finance",418,0.62,5.07,3,220,0.53,0.53,17,166.04,0.85,0.37,17,7,37393000
"Tokyo (JP)","Healthcare",395,0.52,4.31,3,2063,0.77,0.77,17,427.35,2.24,0.98,17,7,37393000
"Tokyo (JP)","Semiconductor",5495,0.81,6.7,3,1749,2.57,2.59,17,36.6,0.18,0.08,17,7,37393000
"Toledo (US)","Automotive",1,1,0.02,500,11,0.66,0.03,550,0,0,0,361,344,509000
"Toledo (US)","Energy",0,0,0,500,11,0.36,0.01,550,0,0,0,361,344,509000
"Toledo (US)","Finance",0,0,0,500,11,0.69,0.03,550,0,0,0,361,344,509000
"Toledo (US)","Healthcare",1,0.66,0.01,500,61,0.59,0.02,550,0.89,2.93,0,361,344,509000
"Toledo (US)","Semiconductor",2,0.15,0,500,7,0.27,0.01,550,0,0,0,361,344,509000
"Torino (IT)","Automotive",5,1.05,0.08,268,85,1.19,0.2,118,9.38,1.1,0.01,64,112,1792000
"Torino (IT)","Energy",0,0,0,268,94,0.72,0.12,118,7.21,5.62,0.07,64,112,1792000
"Torino (IT)","Finance",0,0,0,268,35,0.51,0.08,118,11.9,2.02,0.03,64,112,1792000
"Torino (IT)","Healthcare",2,0.27,0.02,268,362,0.82,0.14,118,7.18,1.25,0.02,64,112,1792000
"Torino (IT)","Semiconductor",18,0.27,0.02,268,220,1.97,0.33,118,0,0,0,64,112,1792000
"Toronto (CA)","Automotive",31,1.5,0.52,20,208,1.19,0.48,39,954.88,1.85,1.48,7,14,6197000
"Toronto (CA)","Energy",20,2.03,0.7,20,144,0.45,0.18,39,61.76,0.8,0.64,7,14,6197000
"Toronto (CA)","Finance",71,2.5,0.86,20,145,0.87,0.35,39,818.07,2.3,1.84,7,14,6197000
"Toronto (CA)","Healthcare",77,2.43,0.84,20,1299,1.21,0.49,39,312.89,0.9,0.72,7,14,6197000
"Toronto (CA)","Semiconductor",421,1.49,0.51,20,339,1.24,0.5,39,1013.68,2.67,2.13,7,14,6197000
"Toulon (FR)","Automotive",0,0,0,244,2,0.43,0,753,0,0,0,372,334,579000
"Toulon (FR)","Energy",0,0,0,244,9,1.05,0.01,753,0,0,0,372,334,579000
"Toulon (FR)","Finance",7,3.42,0.08,244,2,0.45,0,753,0,0,0,372,334,579000
"Toulon (FR)","Healthcare",1,0.44,0.01,244,17,0.59,0.01,753,7.5,20.2,0.02,372,334,579000
"Toulon (FR)","Semiconductor",46,2.26,0.06,244,18,2.46,0.03,753,0,0,0,372,334,579000
"Toulouse (FR)","Automotive",13,2.03,0.22,145,30,0.46,0.07,210,7.05,1.13,0.01,91,110,1024000
"Toulouse (FR)","Energy",3,0.99,0.11,145,101,0.85,0.13,210,7.05,7.53,0.07,91,110,1024000
"Toulouse (FR)","Finance",2,0.23,0.02,145,25,0.4,0.06,210,0,0,0,91,110,1024000
"Toulouse (FR)","Healthcare",3,0.31,0.03,145,186,0.47,0.07,210,12.58,3,0.03,91,110,1024000
"Toulouse (FR)","Semiconductor",44,0.5,0.05,145,42,0.42,0.06,210,7.05,1.53,0.01,91,110,1024000
"Toyohashi (JP)","Automotive",70,2.41,1.17,65,7,0.39,0.02,686,0,0,0,394,294,371000
"Toyohashi (JP)","Energy",6,0.43,0.21,65,5,0.15,0.01,686,0,0,0,394,294,371000
"Toyohashi (JP)","Finance",9,0.23,0.11,65,1,0.06,0,686,0,0,0,394,294,371000
"Toyohashi (JP)","Healthcare",7,0.16,0.08,65,55,0.49,0.02,686,0,0,0,394,294,371000
"Toyohashi (JP)","Semiconductor",163,0.41,0.2,65,24,0.85,0.04,686,0,0,0,394,294,371000
"Trenton (US)","Automotive",13,1.15,0.22,47,74,0.75,0.17,88,0,0,0,77,45,329000
"Trenton (US)","Energy",7,1.3,0.25,47,90,0.5,0.11,88,2.5,2.53,0.03,77,45,329000
"Trenton (US)","Finance",22,1.42,0.27,47,69,0.73,0.17,88,6.73,1.49,0.02,77,45,329000
"Trenton (US)","Healthcare",58,3.36,0.63,47,529,0.87,0.2,88,10.3,2.32,0.02,77,45,329000
"Trenton (US)","Semiconductor",90,0.58,0.11,47,277,1.8,0.41,88,22,4.53,0.05,77,45,329000
"Tulsa (US)","Automotive",0,0,0,337,13,1.49,0.03,493,0,0,0,270,283,766000
"Tulsa (US)","Energy",9,12.18,0.32,337,17,1.06,0.02,493,0,0,0,270,283,766000
"Tulsa (US)","Finance",0,0,0,337,13,1.56,0.03,493,0,0,0,270,283,766000
"Tulsa (US)","Healthcare",1,0.42,0.01,337,49,0.91,0.02,493,1.12,3.44,0,270,283,766000
"Tulsa (US)","Semiconductor",4,0.19,0,337,19,1.39,0.03,493,0,0,0,270,283,766000
"Tunis (TN)","Automotive",0,0,0,628,32,0.81,0.07,170,0.11,2.27,0,211,265,2365000
"Tunis (TN)","Energy",0,0,0,628,138,1.9,0.17,170,0.11,15.1,0,211,265,2365000
"Tunis (TN)","Finance",0,0,0,628,48,1.26,0.12,170,0.1,2.99,0,211,265,2365000
"Tunis (TN)","Healthcare",0,0,0,628,305,1.24,0.11,170,0.19,5.82,0,211,265,2365000
"Tunis (TN)","Semiconductor",1,1.31,0,628,27,0.43,0.04,170,0,0,0,211,265,2365000
"Uberl<e2>ndia (BR)","Automotive",0,0,0,929,0,0,0,706,0,0,0,193,401,687000
"Uberl<e2>ndia (BR)","Energy",0,0,0,929,11,0.46,0.01,706,0,0,0,193,401,687000
"Uberl<e2>ndia (BR)","Finance",0,0,0,929,8,0.64,0.02,706,35.3,19.76,0.08,193,401,687000
"Uberl<e2>ndia (BR)","Healthcare",0,0,0,929,76,0.95,0.03,706,0,0,0,193,401,687000
"Uberl<e2>ndia (BR)","Semiconductor",1,1.49,0,929,6,0.3,0.01,706,0,0,0,193,401,687000
"Udaipur (IN)","Automotive",0,0,0,391,4,0.4,0.01,522,0,0,0,312,314,569000
"Udaipur (IN)","Energy",0,0,0,391,23,1.25,0.03,522,0,0,0,312,314,569000
"Udaipur (IN)","Finance",1,1.42,0.01,391,14,1.45,0.03,522,0,0,0,312,314,569000
"Udaipur (IN)","Healthcare",2,2.55,0.02,391,94,1.51,0.04,522,0,0,0,312,314,569000
"Udaipur (IN)","Semiconductor",4,0.57,0,391,6,0.38,0.01,522,0,0,0,312,314,569000
"Ulaanbaatar (MN)","Automotive",0,0,0,1143,5,0.36,0.01,512,0,0,0,378,424,1584000
"Ulaanbaatar (MN)","Energy",0,0,0,1143,31,1.24,0.04,512,0,0,0,378,424,1584000
"Ulaanbaatar (MN)","Finance",0,0,0,1143,20,1.52,0.05,512,0.16,9.88,0,378,424,1584000
"Ulaanbaatar (MN)","Healthcare",0,0,0,1143,54,0.64,0.02,512,0.16,10.1,0,378,424,1584000
"Ulaanbaatar (MN)","Semiconductor",0,0,0,1143,6,0.28,0.01,512,0,0,0,378,424,1584000
"Ulsan (KR)","Automotive",4,0.57,0.07,101,25,0.86,0.06,368,0,0,0,294,197,910000
"Ulsan (KR)","Energy",1,0.3,0.04,101,19,0.36,0.02,368,0,0,0,294,197,910000
"Ulsan (KR)","Finance",23,2.39,0.28,101,11,0.4,0.03,368,0,0,0,294,197,910000
"Ulsan (KR)","Healthcare",27,2.52,0.29,101,168,0.94,0.06,368,0,0,0,294,197,910000
"Ulsan (KR)","Semiconductor",52,0.54,0.06,101,36,0.79,0.05,368,0,0,0,294,197,910000
"Utrecht (NL)","Automotive",2,0.36,0.03,191,29,0.34,0.07,172,0,0,0,154,126,544000
"Utrecht (NL)","Energy",0,0,0,191,93,0.59,0.12,172,2.68,13.77,0.03,154,126,544000
"Utrecht (NL)","Finance",2,0.26,0.02,191,34,0.41,0.08,172,0,0,0,154,126,544000
"Utrecht (NL)","Healthcare",6,0.7,0.07,191,454,0.86,0.17,172,8.48,9.71,0.02,154,126,544000
"Utrecht (NL)","Semiconductor",15,0.2,0.02,191,38,0.28,0.06,172,1.67,1.75,0,154,126,544000
"Vadodara (IN)","Automotive",0,0,0,386,3,0.39,0.01,697,0,0,0,307,338,2190000
"Vadodara (IN)","Energy",0,0,0,386,9,0.63,0.01,697,0.06,1.06,0,307,338,2190000
"Vadodara (IN)","Finance",0,0,0,386,11,1.48,0.03,697,2.5,9.65,0.01,307,338,2190000
"Vadodara (IN)","Healthcare",0,0,0,386,58,1.21,0.02,697,0,0,0,307,338,2190000
"Vadodara (IN)","Semiconductor",1,0.07,0,386,3,0.25,0,697,0,0,0,307,338,2190000
"Valencia (ES)","Automotive",1,0.4,0.02,281,25,0.36,0.06,198,0,0,0,136,157,834000
"Valencia (ES)","Energy",0,0,0,281,77,0.61,0.1,198,0,0,0,136,157,834000
"Valencia (ES)","Finance",0,0,0,281,23,0.35,0.06,198,0.2,0.06,0,136,157,834000
"Valencia (ES)","Healthcare",6,1.55,0.07,281,251,0.59,0.09,198,50,14.41,0.11,136,157,834000
"Valencia (ES)","Semiconductor",12,0.35,0.01,281,89,0.82,0.13,198,0,0,0,136,157,834000
"Valladolid (ES)","Automotive",0,0,0,317,1,0.05,0,544,0,0,0,432,324,305000
"Valladolid (ES)","Energy",1,4.56,0.04,317,24,0.71,0.03,544,0,0,0,432,324,305000
"Valladolid (ES)","Finance",1,1.58,0.01,317,15,0.85,0.04,544,0,0,0,432,324,305000
"Valladolid (ES)","Healthcare",1,1.42,0.01,317,66,0.58,0.02,544,0,0,0,432,324,305000
"Valladolid (ES)","Semiconductor",2,0.32,0,317,17,0.59,0.03,544,0,0,0,432,324,305000
"Valpara<ed>so (CL)","Automotive",0,0,0,514,4,0.39,0.01,630,0,0,0,435,365,984000
"Valpara<ed>so (CL)","Energy",0,0,0,514,16,0.85,0.02,630,0,0,0,435,365,984000
"Valpara<ed>so (CL)","Finance",0,0,0,514,6,0.61,0.01,630,0,0,0,435,365,984000
"Valpara<ed>so (CL)","Healthcare",1,1.89,0.01,514,68,1.07,0.03,630,0,0,0,435,365,984000
"Valpara<ed>so (CL)","Semiconductor",1,0.21,0,514,5,0.31,0.01,630,0,0,0,435,365,984000
"Van (TR)","Automotive",0,0,0,741,2,0.22,0,763,0,0,0,365,405,511000
"Van (TR)","Energy",0,0,0,741,18,1.08,0.02,763,0,0,0,365,405,511000
"Van (TR)","Finance",0,0,0,741,6,0.69,0.01,763,0,0,0,365,405,511000
"Van (TR)","Healthcare",0,0,0,741,43,0.77,0.02,763,0.03,20.2,0,365,405,511000
"Van (TR)","Semiconductor",0,0,0,741,1,0.07,0,763,0,0,0,365,405,511000
"Vancouver (CA)","Automotive",15,1.1,0.25,36,72,0.78,0.17,112,4.02,0.07,0.01,38,40,2581000
"Vancouver (CA)","Energy",9,1.38,0.32,36,80,0.47,0.1,112,30.03,3.37,0.31,38,40,2581000
"Vancouver (CA)","Finance",31,1.65,0.38,36,50,0.56,0.12,112,93.22,2.28,0.21,38,40,2581000
"Vancouver (CA)","Healthcare",43,2.06,0.47,36,482,0.84,0.18,112,172.93,4.32,0.4,38,40,2581000
"Vancouver (CA)","Semiconductor",160,0.86,0.2,36,140,0.96,0.21,112,0.02,0,0,38,40,2581000
"Varna (BG)","Automotive",0,0,0,482,2,0.4,0,797,0,0,0,325,372,335000
"Varna (BG)","Energy",0,0,0,482,5,0.55,0.01,797,0,0,0,325,372,335000
"Varna (BG)","Finance",0,0,0,482,6,1.26,0.01,797,0,0,0,325,372,335000
"Varna (BG)","Healthcare",0,0,0,482,32,1.04,0.01,797,5.3,19.83,0.01,325,372,335000
"Varna (BG)","Semiconductor",1,0.53,0,482,3,0.39,0,797,0,0,0,325,372,335000
"Venezia (IT)","Automotive",1,2.39,0.02,295,4,0.29,0.01,556,0,0,0,219,277,637000
"Venezia (IT)","Energy",0,0,0,295,16,0.63,0.02,556,3.72,90.61,0.04,219,277,637000
"Venezia (IT)","Finance",1,1.74,0.01,295,13,0.97,0.03,556,0,0,0,219,277,637000
"Venezia (IT)","Healthcare",1,1.56,0.01,295,75,0.87,0.03,556,0,0,0,219,277,637000
"Venezia (IT)","Semiconductor",6,1.05,0.01,295,9,0.41,0.01,556,0,0,0,219,277,637000
"Verona (IT)","Automotive",0,0,0,492,6,0.31,0.01,617,0,0,0,311,345,630000
"Verona (IT)","Energy",0,0,0,492,6,0.17,0.01,617,0,0,0,311,345,630000
"Verona (IT)","Finance",0,0,0,492,4,0.21,0.01,617,0,0,0,311,345,630000
"Verona (IT)","Healthcare",0,0,0,492,106,0.88,0.04,617,0,0,0,311,345,630000
"Verona (IT)","Semiconductor",1,0.07,0,492,11,0.36,0.02,617,0,0,0,311,345,630000
"Vicenza (IT)","Automotive",2,2.1,0.03,418,0,0,0,1238,0,0,0,152,398,326000
"Vicenza (IT)","Energy",0,0,0,418,0,0,0,1238,43.36,29.53,0.45,152,398,326000
"Vicenza (IT)","Finance",0,0,0,418,0,0,0,1238,46.31,6.88,0.1,152,398,326000
"Vicenza (IT)","Healthcare",0,0,0,418,2,0.15,0,1238,0,0,0,152,398,326000
"Vicenza (IT)","Semiconductor",1,0.08,0,418,0,0,0,1238,0,0,0,152,398,326000
"Victoria (CA)","Automotive",3,2.2,0.05,260,12,0.63,0.03,429,0,0,0,252,241,386000
"Victoria (CA)","Energy",1,1.54,0.04,260,29,0.83,0.04,429,0,0,0,252,241,386000
"Victoria (CA)","Finance",2,1.07,0.02,260,16,0.88,0.04,429,8.49,0.71,0.02,252,241,386000
"Victoria (CA)","Healthcare",0,0,0,260,66,0.56,0.02,429,0,0,0,252,241,386000
"Victoria (CA)","Semiconductor",12,0.64,0.01,260,17,0.57,0.03,429,0,0,0,252,241,386000
"Vilnius (LT)","Automotive",1,1.76,0.02,275,11,0.47,0.03,411,0,0,0,166,225,539000
"Vilnius (LT)","Energy",0,0,0,275,23,0.54,0.03,411,0,0,0,166,225,539000
"Vilnius (LT)","Finance",0,0,0,275,29,1.3,0.07,411,22.46,7.32,0.05,166,225,539000
"Vilnius (LT)","Healthcare",1,1.15,0.01,275,76,0.53,0.03,411,14.78,4.92,0.03,166,225,539000
"Vilnius (LT)","Semiconductor",10,1.28,0.01,275,16,0.44,0.02,411,0,0,0,166,225,539000
"Virginia Beach (US)","Automotive",2,0.79,0.03,225,33,1.42,0.08,315,0,0,0,293,220,1477000
"Virginia Beach (US)","Energy",0,0,0,225,39,0.91,0.05,315,0,0,0,293,220,1477000
"Virginia Beach (US)","Finance",5,1.43,0.06,225,18,0.81,0.04,315,3.72,19.76,0.01,293,220,1477000
"Virginia Beach (US)","Healthcare",4,1.03,0.04,225,124,0.86,0.05,315,0,0,0,293,220,1477000
"Virginia Beach (US)","Semiconductor",19,0.55,0.02,225,29,0.8,0.04,315,0,0,0,293,220,1477000
"Warszawa (PL)","Automotive",6,1.76,0.1,155,77,0.55,0.18,79,0.25,0.02,0,94,78,1783000
"Warszawa (PL)","Energy",1,0.62,0.04,155,154,0.6,0.19,79,0,0,0,94,78,1783000
"Warszawa (PL)","Finance",2,0.43,0.02,155,77,0.57,0.19,79,0.7,0.07,0,94,78,1783000
"Warszawa (PL)","Healthcare",7,1.35,0.08,155,420,0.48,0.16,79,9.86,0.97,0.02,94,78,1783000
"Warszawa (PL)","Semiconductor",47,1.01,0.06,155,196,0.89,0.29,79,3.12,0.28,0.01,94,78,1783000
"Washington, D.C. (US)","Automotive",40,1.05,0.67,17,294,0.62,0.68,14,366.52,0.74,0.57,18,11,5322000
"Washington, D.C. (US)","Energy",29,1.59,1.02,17,751,0.86,0.95,14,110.33,1.48,1.14,18,11,5322000
"Washington, D.C. (US)","Finance",160,3.04,1.94,17,252,0.55,0.61,14,444.24,1.3,1,18,11,5322000
"Washington, D.C. (US)","Healthcare",75,1.28,0.82,17,2422,0.83,0.91,14,287.67,0.86,0.66,18,11,5322000
"Washington, D.C. (US)","Semiconductor",494,0.94,0.6,17,961,1.29,1.42,14,6.73,0.02,0.01,18,11,5322000
"Wellington (NZ)","Automotive",0,0,0,256,15,0.66,0.03,337,0,0,0,364,246,415000
"Wellington (NZ)","Energy",0,0,0,256,40,0.96,0.05,337,0,0,0,364,246,415000
"Wellington (NZ)","Finance",13,4.66,0.16,256,27,1.24,0.07,337,0,0,0,364,246,415000
"Wellington (NZ)","Healthcare",1,0.32,0.01,256,105,0.75,0.04,337,0,0,0,364,246,415000
"Wellington (NZ)","Semiconductor",69,2.49,0.08,256,22,0.62,0.03,337,0,0,0,364,246,415000
"West Yorkshire (GB)","Automotive",0,0,0,216,20,0.33,0.05,183,0,0,0,151,138,1889000
"West Yorkshire (GB)","Energy",0,0,0,216,58,0.52,0.07,183,0,0,0,151,138,1889000
"West Yorkshire (GB)","Finance",8,2.54,0.1,216,32,0.55,0.08,183,0,0,0,151,138,1889000
"West Yorkshire (GB)","Healthcare",11,3.14,0.12,216,353,0.94,0.13,183,16.53,3.44,0.04,151,138,1889000
"West Yorkshire (GB)","Semiconductor",21,0.67,0.03,216,106,1.11,0.16,183,58.33,11.09,0.12,151,138,1889000
"Wien (AT)","Automotive",4,0.45,0.07,124,72,0.62,0.17,91,0,0,0,47,59,1930000
"Wien (AT)","Energy",3,0.71,0.11,124,109,0.51,0.14,91,47.13,7.8,0.49,47,59,1930000
"Wien (AT)","Finance",4,0.33,0.05,124,56,0.5,0.14,91,173.46,6.26,0.39,47,59,1930000
"Wien (AT)","Healthcare",9,0.66,0.1,124,528,0.73,0.2,91,87.19,3.22,0.2,47,59,1930000
"Wien (AT)","Semiconductor",54,0.44,0.07,124,244,1.33,0.36,91,0.23,0.01,0,47,59,1930000
"Winnipeg (CA)","Automotive",0,0,0,350,8,0.26,0.02,436,0,0,0,177,249,817000
"Winnipeg (CA)","Energy",0,0,0,350,15,0.26,0.02,436,0,0,0,177,249,817000
"Winnipeg (CA)","Finance",1,0.55,0.01,350,18,0.6,0.04,436,97.92,16.22,0.22,177,249,817000
"Winnipeg (CA)","Healthcare",3,1.47,0.03,350,163,0.84,0.06,436,0.63,0.11,0,177,249,817000
"Winnipeg (CA)","Semiconductor",10,0.55,0.01,350,19,0.39,0.03,436,0,0,0,177,249,817000
"Winston-Salem (US)","Automotive",0,0,0,368,5,0.2,0.01,569,0,0,0,463,340,509000
"Winston-Salem (US)","Energy",0,0,0,368,5,0.11,0.01,569,0,0,0,463,340,509000
"Winston-Salem (US)","Finance",1,0.45,0.01,368,14,0.58,0.03,569,0,0,0,463,340,509000
"Winston-Salem (US)","Healthcare",5,2.03,0.05,368,162,1.05,0.06,569,0,0,0,463,340,509000
"Winston-Salem (US)","Semiconductor",13,0.59,0.02,368,5,0.13,0.01,569,0,0,0,463,340,509000
"Worcester (US)","Automotive",2,0.25,0.03,138,17,0.66,0.04,384,0,0,0,133,166,548000
"Worcester (US)","Energy",1,0.27,0.04,138,12,0.26,0.02,384,12.5,7.68,0.13,133,166,548000
"Worcester (US)","Finance",6,0.55,0.07,138,21,0.85,0.05,384,0,0,0,133,166,548000
"Worcester (US)","Healthcare",7,0.58,0.08,138,146,0.92,0.05,384,110.52,15.14,0.25,133,166,548000
"Worcester (US)","Semiconductor",55,0.51,0.07,138,29,0.72,0.04,384,0,0,0,133,166,548000
"Wroc?aw (PL)","Automotive",0,0,0,277,11,0.31,0.03,321,0,0,0,165,197,641000
"Wroc?aw (PL)","Energy",1,0.95,0.04,277,49,0.75,0.06,321,0,0,0,165,197,641000
"Wroc?aw (PL)","Finance",0,0,0,277,28,0.81,0.07,321,3.88,1.59,0.01,165,197,641000
"Wroc?aw (PL)","Healthcare",1,0.29,0.01,277,117,0.53,0.04,321,32.11,13.42,0.07,165,197,641000
"Wroc?aw (PL)","Semiconductor",9,0.3,0.01,277,27,0.48,0.04,321,0,0,0,165,197,641000
"Wuhan (CN)","Automotive",21,0.75,0.35,34,705,1.88,1.63,8,450,6.56,0.7,138,38,8365000
"Wuhan (CN)","Energy",9,0.68,0.32,34,1140,1.66,1.44,8,0,0,0,138,38,8365000
"Wuhan (CN)","Finance",25,0.65,0.3,34,344,0.96,0.83,8,0,0,0,138,38,8365000
"Wuhan (CN)","Healthcare",18,0.42,0.2,34,2059,0.89,0.77,8,7.01,0.15,0.02,138,38,8365000
"Wuhan (CN)","Semiconductor",414,1.08,0.5,34,761,1.3,1.12,8,0,0,0,138,38,8365000
"Wuhu, Anhui (CN)","Automotive",0,0,0,274,53,2.08,0.12,247,4.14,6.8,0.01,330,224,1870000
"Wuhu, Anhui (CN)","Energy",0,0,0,274,51,1.09,0.06,247,0,0,0,330,224,1870000
"Wuhu, Anhui (CN)","Finance",0,0,0,274,26,1.07,0.06,247,0,0,0,330,224,1870000
"Wuhu, Anhui (CN)","Healthcare",1,0.26,0.01,274,133,0.85,0.05,247,0,0,0,330,224,1870000
"Wuhu, Anhui (CN)","Semiconductor",16,0.46,0.02,274,42,1.05,0.06,247,0,0,0,330,224,1870000
"Wuxi, Jiangsu (CN)","Automotive",11,0.81,0.18,113,66,1.32,0.15,160,0,0,0,236,124,3256000
"Wuxi, Jiangsu (CN)","Energy",3,0.46,0.11,113,85,0.93,0.11,160,0,0,0,236,124,3256000
"Wuxi, Jiangsu (CN)","Finance",2,0.11,0.02,113,40,0.84,0.1,160,0,0,0,236,124,3256000
"Wuxi, Jiangsu (CN)","Healthcare",7,0.34,0.08,113,240,0.78,0.09,160,0,0,0,236,124,3256000
"Wuxi, Jiangsu (CN)","Semiconductor",78,0.42,0.1,113,63,0.81,0.09,160,0,0,0,236,124,3256000
"Xiamen (CN)","Automotive",1,0.11,0.02,143,171,1.95,0.4,69,0,0,0,204,103,3720000
"Xiamen (CN)","Energy",5,1.15,0.18,143,116,0.72,0.15,69,0,0,0,204,103,3720000
"Xiamen (CN)","Finance",5,0.4,0.06,143,94,1.12,0.23,69,0,0,0,204,103,3720000
"Xiamen (CN)","Healthcare",4,0.29,0.04,143,601,1.11,0.23,69,0,0,0,204,103,3720000
"Xiamen (CN)","Semiconductor",49,0.39,0.06,143,164,1.19,0.24,69,0.34,0.15,0,204,103,3720000
"Xianyang, Shaanxi (CN)","Automotive",0,0,0,494,5,0.41,0.01,669,0,0,0,424,367,715000
"Xianyang, Shaanxi (CN)","Energy",0,0,0,494,11,0.49,0.01,669,0,0,0,424,367,715000
"Xianyang, Shaanxi (CN)","Finance",2,3.18,0.02,494,5,0.43,0.01,669,0,0,0,424,367,715000
"Xianyang, Shaanxi (CN)","Healthcare",1,1.43,0.01,494,48,0.64,0.02,669,0,0,0,424,367,715000
"Xianyang, Shaanxi (CN)","Semiconductor",6,0.96,0.01,494,5,0.26,0.01,669,0,0,0,424,367,715000
"Xinzhu (TW)","Automotive",1,0.19,0.02,249,98,1.8,0.23,115,0,0,0,161,128,451000
"Xinzhu (TW)","Energy",0,0,0,249,51,0.51,0.06,115,0,0,0,161,128,451000
"Xinzhu (TW)","Finance",0,0,0,249,71,1.36,0.17,115,0,0,0,161,128,451000
"Xinzhu (TW)","Healthcare",1,0.12,0.01,249,412,1.23,0.15,115,207.19,11.04,0.48,161,128,451000
"Xinzhu (TW)","Semiconductor",23,0.31,0.03,249,203,2.38,0.3,115,83.4,4.06,0.18,161,128,451000
"Yancheng, Jiangsu (CN)","Automotive",2,2.67,0.03,294,9,0.71,0.02,576,0,0,0,286,298,1864000
"Yancheng, Jiangsu (CN)","Energy",1,2.81,0.04,294,12,0.52,0.02,576,0,0,0,286,298,1864000
"Yancheng, Jiangsu (CN)","Finance",1,0.97,0.01,294,10,0.82,0.02,576,39.72,19.76,0.09,286,298,1864000
"Yancheng, Jiangsu (CN)","Healthcare",0,0,0,294,45,0.57,0.02,576,0,0,0,286,298,1864000
"Yancheng, Jiangsu (CN)","Semiconductor",3,0.29,0,294,8,0.4,0.01,576,0,0,0,286,298,1864000
"Yantai (CN)","Automotive",3,0.76,0.05,164,45,1.26,0.1,187,0,0,0,309,168,2527000
"Yantai (CN)","Energy",3,1.61,0.11,164,56,0.86,0.07,187,0,0,0,309,168,2527000
"Yantai (CN)","Finance",2,0.37,0.02,164,47,1.37,0.11,187,0,0,0,309,168,2527000
"Yantai (CN)","Healthcare",3,0.5,0.03,164,216,0.98,0.08,187,43.12,10.1,0.1,309,168,2527000
"Yantai (CN)","Semiconductor",24,0.45,0.03,164,48,0.86,0.07,187,0,0,0,309,168,2527000
"Yaound<e9> (CM)","Automotive",0,0,0,853,5,0.36,0.01,489,0,0,0,388,390,3992000
"Yaound<e9> (CM)","Energy",0,0,0,853,70,2.73,0.09,489,0,0,0,388,390,3992000
"Yaound<e9> (CM)","Finance",0,0,0,853,10,0.74,0.02,489,0,0,0,388,390,3992000
"Yaound<e9> (CM)","Healthcare",0,0,0,853,39,0.45,0.01,489,0,0,0,388,390,3992000
"Yaound<e9> (CM)","Semiconductor",0,0,0,853,15,0.68,0.02,489,0,0,0,388,390,3992000
"Yerevan (AM)","Automotive",0,0,0,394,5,0.3,0.01,513,0,0,0,279,308,1086000
"Yerevan (AM)","Energy",0,0,0,394,30,0.99,0.04,513,0,0,0,279,308,1086000
"Yerevan (AM)","Finance",1,2.16,0.01,394,8,0.51,0.02,513,0,0,0,279,308,1086000
"Yerevan (AM)","Healthcare",4,7.77,0.04,394,58,0.57,0.02,513,0.5,20.2,0,279,308,1086000
"Yerevan (AM)","Semiconductor",7,1.52,0.01,394,21,0.81,0.03,513,0,0,0,279,308,1086000
"Z<fc>rich (CH)","Automotive",13,0.52,0.22,52,133,0.97,0.31,49,57.99,0.35,0.09,21,23,1395000
"Z<fc>rich (CH)","Energy",5,0.42,0.18,52,224,0.89,0.28,49,32.52,1.32,0.34,21,23,1395000
"Z<fc>rich (CH)","Finance",23,0.67,0.28,52,90,0.69,0.22,49,234.7,2.08,0.53,21,23,1395000
"Z<fc>rich (CH)","Healthcare",14,0.37,0.15,52,736,0.87,0.28,49,156.44,1.42,0.36,21,23,1395000
"Z<fc>rich (CH)","Semiconductor",264,0.78,0.32,52,389,1.82,0.57,49,57.14,0.47,0.12,21,23,1395000
"Zagreb (HR)","Automotive",1,1.13,0.02,285,18,0.41,0.04,290,107.57,12.99,0.17,235,212,685000
"Zagreb (HR)","Energy",0,0,0,285,47,0.59,0.06,290,0,0,0,235,212,685000
"Zagreb (HR)","Finance",1,0.82,0.01,285,24,0.57,0.06,290,0,0,0,235,212,685000
"Zagreb (HR)","Healthcare",1,0.74,0.01,285,156,0.58,0.06,290,0,0,0,235,212,685000
"Zagreb (HR)","Semiconductor",7,0.58,0.01,285,29,0.42,0.04,290,0,0,0,235,212,685000
"Zhengzhou (CN)","Automotive",2,0.54,0.03,182,166,1.2,0.38,46,0,0,0,342,143,5323000
"Zhengzhou (CN)","Energy",3,1.69,0.11,182,251,0.99,0.32,46,0,0,0,342,143,5323000
"Zhengzhou (CN)","Finance",0,0,0,182,120,0.91,0.29,46,0,0,0,342,143,5323000
"Zhengzhou (CN)","Healthcare",3,0.53,0.03,182,680,0.8,0.25,46,0,0,0,342,143,5323000
"Zhengzhou (CN)","Semiconductor",153,3,0.19,182,289,1.33,0.43,46,0,0,0,342,143,5323000
"Zhuhai (CN)","Automotive",3,0.35,0.05,154,33,2.3,0.08,322,0,0,0,357,220,1759000
"Zhuhai (CN)","Energy",2,0.49,0.07,154,23,0.88,0.03,322,0,0,0,357,220,1759000
"Zhuhai (CN)","Finance",3,0.26,0.04,154,40,2.92,0.1,322,0,0,0,357,220,1759000
"Zhuhai (CN)","Healthcare",2,0.15,0.02,154,150,1.7,0.06,322,14.09,4.94,0.03,357,220,1759000
"Zhuhai (CN)","Semiconductor",83,0.71,0.1,154,14,0.63,0.02,322,0,0,0,357,220,1759000
"Zibo (CN)","Automotive",0,0,0,580,18,1.09,0.04,442,0,0,0,370,339,2640000
"Zibo (CN)","Energy",0,0,0,580,35,1.16,0.04,442,0,0,0,370,339,2640000
"Zibo (CN)","Finance",0,0,0,580,9,0.57,0.02,442,0,0,0,370,339,2640000
"Zibo (CN)","Healthcare",0,0,0,580,52,0.51,0.02,442,0,0,0,370,339,2640000
"Zibo (CN)","Semiconductor",0,0,0,580,21,0.81,0.03,442,0,0,0,370,339,2640000
